Date,Gold,WTI,DXY
2020-01-02,1524.5,61.18000030517578,96.8499984741211
2020-01-03,1549.199951171875,63.04999923706055,96.83999633789062
2020-01-06,1566.199951171875,63.27000045776367,96.66999816894531
2020-01-07,1571.800048828125,62.70000076293945,96.9800033569336
2020-01-08,1557.4000244140625,59.61000061035156,97.30000305175781
2020-01-09,1551.699951171875,59.560001373291016,97.44999694824219
2020-01-10,1557.5,59.040000915527344,97.36000061035156
2020-01-13,1548.4000244140625,58.08000183105469,97.3499984741211
2020-01-14,1542.4000244140625,58.22999954223633,97.37000274658203
2020-01-15,1552.0999755859375,57.810001373291016,97.2300033569336
2020-01-16,1549.0,58.52000045776367,97.31999969482422
2020-01-17,1558.800048828125,58.540000915527344,97.61000061035156
2020-01-21,1556.4000244140625,58.34000015258789,97.52999877929688
2020-01-22,1555.300048828125,56.7400016784668,97.52999877929688
2020-01-23,1564.5999755859375,55.59000015258789,97.69000244140625
2020-01-24,1571.0999755859375,54.189998626708984,97.8499984741211
2020-01-27,1576.800048828125,53.13999938964844,97.95999908447266
2020-01-28,1569.199951171875,53.47999954223633,98.0199966430664
2020-01-29,1569.800048828125,53.33000183105469,97.98999786376953
2020-01-30,1583.5,52.13999938964844,97.87000274658203
2020-01-31,1582.9000244140625,51.560001373291016,97.38999938964844
2020-02-03,1577.199951171875,50.11000061035156,97.80000305175781
2020-02-04,1550.4000244140625,49.61000061035156,97.95999908447266
2020-02-05,1557.800048828125,50.75,98.2699966430664
2020-02-06,1565.0999755859375,50.95000076293945,98.5
2020-02-07,1568.5999755859375,50.31999969482422,98.68000030517578
2020-02-10,1574.699951171875,49.56999969482422,98.83000183105469
2020-02-11,1565.5999755859375,49.939998626708984,98.72000122070312
2020-02-12,1567.4000244140625,51.16999816894531,99.05000305175781
2020-02-13,1575.0999755859375,51.41999816894531,99.06999969482422
2020-02-14,1582.699951171875,52.04999923706055,99.12000274658203
2020-02-18,1600.0,52.04999923706055,99.45999908447266
2020-02-19,1607.5,53.290000915527344,99.5999984741211
2020-02-20,1616.5999755859375,53.779998779296875,99.87000274658203
2020-02-21,1644.5999755859375,53.380001068115234,99.26000213623047
2020-02-24,1672.4000244140625,51.43000030517578,99.29000091552734
2020-02-25,1646.9000244140625,49.900001525878906,98.97000122070312
2020-02-26,1640.0,48.72999954223633,99.0
2020-02-27,1640.0,47.09000015258789,98.44000244140625
2020-02-28,1564.0999755859375,44.7599983215332,98.12999725341797
2020-03-02,1592.300048828125,46.75,97.36000061035156
2020-03-03,1642.0999755859375,47.18000030517578,97.1500015258789
2020-03-04,1641.0999755859375,46.779998779296875,97.33999633789062
2020-03-05,1666.4000244140625,45.900001525878906,96.81999969482422
2020-03-06,1670.800048828125,41.279998779296875,95.94999694824219
2020-03-09,1674.5,31.1299991607666,94.9000015258789
2020-03-10,1659.0999755859375,34.36000061035156,96.41000366210938
2020-03-11,1641.4000244140625,32.97999954223633,96.51000213623047
2020-03-12,1589.300048828125,31.5,97.47000122070312
2020-03-13,1515.699951171875,31.729999542236328,98.75
2020-03-16,1485.9000244140625,28.700000762939453,98.08999633789062
2020-03-17,1524.9000244140625,26.950000762939453,99.58000183105469
2020-03-18,1477.300048828125,20.3700008392334,101.16000366210938
2020-03-19,1478.5999755859375,25.219999313354492,102.76000213623047
2020-03-20,1484.0,22.43000030517578,102.81999969482422
2020-03-23,1567.0,23.360000610351562,102.48999786376953
2020-03-24,1660.199951171875,24.010000228881836,101.73999786376953
2020-03-25,1632.300048828125,24.489999771118164,101.05000305175781
2020-03-26,1650.0999755859375,22.600000381469727,99.41999816894531
2020-03-27,1623.9000244140625,21.510000228881836,98.37000274658203
2020-03-30,1622.0,20.09000015258789,99.18000030517578
2020-03-31,1583.4000244140625,20.479999542236328,99.05000305175781
2020-04-01,1578.199951171875,20.309999465942383,99.66999816894531
2020-04-02,1625.699951171875,25.31999969482422,100.18000030517578
2020-04-03,1633.699951171875,28.34000015258789,100.58000183105469
2020-04-06,1677.0,26.079999923706055,100.69000244140625
2020-04-07,1664.800048828125,23.6299991607666,99.9800033569336
2020-04-08,1665.4000244140625,25.09000015258789,100.12000274658203
2020-04-09,1736.199951171875,22.760000228881836,99.5199966430664
2020-04-13,1744.800048828125,22.40999984741211,99.3499984741211
2020-04-14,1756.699951171875,20.110000610351562,98.88999938964844
2020-04-15,1727.199951171875,19.8700008392334,99.45999908447266
2020-04-16,1720.4000244140625,19.8700008392334,100.02999877929688
2020-04-17,1689.199951171875,18.270000457763672,99.77999877929688
2020-04-20,1701.5999755859375,-37.630001068115234,99.95999908447266
2020-04-21,1678.199951171875,10.010000228881836,100.26000213623047
2020-04-22,1728.699951171875,13.779999732971191,100.38999938964844
2020-04-23,1733.300048828125,16.5,100.43000030517578
2020-04-24,1723.5,16.940000534057617,100.37999725341797
2020-04-27,1711.9000244140625,12.779999732971191,100.04000091552734
2020-04-28,1710.5,12.34000015258789,99.87000274658203
2020-04-29,1703.4000244140625,15.0600004196167,99.56999969482422
2020-04-30,1684.199951171875,18.84000015258789,99.0199966430664
2020-05-01,1694.5,19.780000686645508,98.80000305175781
2020-05-04,1706.9000244140625,20.389999389648438,99.4800033569336
2020-05-05,1704.4000244140625,24.559999465942383,99.70999908447266
2020-05-06,1684.199951171875,23.989999771118164,100.08999633789062
2020-05-07,1721.800048828125,23.549999237060547,99.88999938964844
2020-05-08,1709.9000244140625,24.739999771118164,99.7300033569336
2020-05-11,1695.300048828125,24.139999389648438,100.23999786376953
2020-05-12,1704.4000244140625,25.780000686645508,99.93000030517578
2020-05-13,1713.9000244140625,25.290000915527344,100.23999786376953
2020-05-14,1738.0999755859375,27.559999465942383,100.47000122070312
2020-05-15,1753.4000244140625,29.43000030517578,100.4000015258789
2020-05-18,1731.800048828125,31.81999969482422,99.66999816894531
2020-05-19,1744.199951171875,32.5,99.37000274658203
2020-05-20,1750.5999755859375,33.4900016784668,99.12000274658203
2020-05-21,1720.5,33.91999816894531,99.37000274658203
2020-05-22,1734.5999755859375,33.25,99.86000061035156
2020-05-26,1704.800048828125,34.349998474121094,98.91000366210938
2020-05-27,1710.300048828125,32.810001373291016,99.05999755859375
2020-05-28,1713.300048828125,33.709999084472656,98.37999725341797
2020-05-29,1736.9000244140625,35.4900016784668,98.33999633789062
2020-06-01,1737.800048828125,35.439998626708984,97.83000183105469
2020-06-02,1725.199951171875,36.810001373291016,97.66999816894531
2020-06-03,1697.800048828125,37.290000915527344,97.27999877929688
2020-06-04,1718.9000244140625,37.40999984741211,96.68000030517578
2020-06-05,1676.199951171875,39.54999923706055,96.94000244140625
2020-06-08,1698.300048828125,38.189998626708984,96.62000274658203
2020-06-09,1714.699951171875,38.939998626708984,96.31999969482422
2020-06-10,1713.300048828125,39.599998474121094,95.95999908447266
2020-06-11,1732.0,36.34000015258789,96.7300033569336
2020-06-12,1729.300048828125,36.2599983215332,97.31999969482422
2020-06-15,1720.300048828125,37.119998931884766,96.68000030517578
2020-06-16,1729.5999755859375,38.380001068115234,96.95999908447266
2020-06-17,1729.199951171875,37.959999084472656,97.16000366210938
2020-06-18,1724.800048828125,38.84000015258789,97.41999816894531
2020-06-19,1745.9000244140625,39.75,97.62000274658203
2020-06-22,1756.699951171875,40.459999084472656,97.04000091552734
2020-06-23,1772.0999755859375,40.369998931884766,96.69000244140625
2020-06-24,1765.800048828125,38.0099983215332,97.1500015258789
2020-06-25,1762.0999755859375,38.720001220703125,97.43000030517578
2020-06-26,1772.5,38.4900016784668,97.5
2020-06-29,1774.800048828125,39.70000076293945,97.54000091552734
2020-06-30,1793.0,39.27000045776367,97.38999938964844
2020-07-01,1773.199951171875,39.81999969482422,97.19999694824219
2020-07-02,1784.0,40.650001525878906,97.31999969482422
2020-07-06,1788.5,40.630001068115234,96.79000091552734
2020-07-07,1804.199951171875,40.619998931884766,96.87999725341797
2020-07-08,1815.5,40.900001525878906,96.43000030517578
2020-07-09,1799.199951171875,39.619998931884766,96.69999694824219
2020-07-10,1798.199951171875,40.54999923706055,96.6500015258789
2020-07-13,1811.0,40.099998474121094,96.45999908447266
2020-07-14,1810.5999755859375,40.290000915527344,96.26000213623047
2020-07-15,1811.4000244140625,41.20000076293945,96.08000183105469
2020-07-16,1798.699951171875,40.75,96.3499984741211
2020-07-17,1808.300048828125,40.59000015258789,95.94000244140625
2020-07-20,1815.9000244140625,40.810001373291016,95.83000183105469
2020-07-21,1842.4000244140625,41.959999084472656,95.12000274658203
2020-07-22,1864.0999755859375,41.900001525878906,94.97000122070312
2020-07-23,1889.0999755859375,41.06999969482422,94.69000244140625
2020-07-24,1897.300048828125,41.290000915527344,94.44000244140625
2020-07-27,1931.0,41.599998474121094,93.66999816894531
2020-07-28,1944.699951171875,41.040000915527344,93.76000213623047
2020-07-29,1953.5,41.27000045776367,93.26000213623047
2020-07-30,1942.300048828125,39.91999816894531,93.0199966430664
2020-07-31,1962.800048828125,40.27000045776367,93.48999786376953
2020-08-03,1966.0,41.0099983215332,93.5
2020-08-04,2001.199951171875,41.70000076293945,93.37999725341797
2020-08-05,2031.0999755859375,42.189998626708984,92.83000183105469
2020-08-06,2051.5,41.95000076293945,92.79000091552734
2020-08-07,2010.0999755859375,41.220001220703125,93.44000244140625
2020-08-10,2024.4000244140625,41.939998626708984,93.58000183105469
2020-08-11,1932.5999755859375,41.61000061035156,93.62999725341797
2020-08-12,1934.9000244140625,42.66999816894531,93.44000244140625
2020-08-13,1956.699951171875,42.2400016784668,93.33999633789062
2020-08-14,1937.0,42.0099983215332,93.0999984741211
2020-08-17,1985.0,42.88999938964844,92.8499984741211
2020-08-18,1999.4000244140625,42.88999938964844,92.2699966430664
2020-08-19,1958.699951171875,42.93000030517578,92.88999938964844
2020-08-20,1933.800048828125,42.58000183105469,92.79000091552734
2020-08-21,1934.5999755859375,42.34000015258789,93.25
2020-08-24,1927.699951171875,42.619998931884766,93.30000305175781
2020-08-25,1911.800048828125,43.349998474121094,93.0199966430664
2020-08-26,1940.699951171875,43.38999938964844,93.01000213623047
2020-08-27,1921.5999755859375,43.040000915527344,93.01000213623047
2020-08-28,1964.5999755859375,42.970001220703125,92.37000274658203
2020-08-31,1967.5999755859375,42.61000061035156,92.13999938964844
2020-09-01,1968.199951171875,42.7599983215332,92.33999633789062
2020-09-02,1934.4000244140625,41.5099983215332,92.8499984741211
2020-09-03,1927.5999755859375,41.369998931884766,92.73999786376953
2020-09-04,1923.9000244140625,39.77000045776367,92.72000122070312
2020-09-08,1933.0,36.7599983215332,93.4800033569336
2020-09-09,1944.699951171875,38.04999923706055,93.26000213623047
2020-09-10,1954.199951171875,37.29999923706055,93.33999633789062
2020-09-11,1937.800048828125,37.33000183105469,93.33000183105469
2020-09-14,1953.0999755859375,37.2599983215332,93.06999969482422
2020-09-15,1956.300048828125,38.279998779296875,93.05000305175781
2020-09-16,1960.199951171875,40.15999984741211,93.20999908447266
2020-09-17,1940.0,40.970001220703125,92.97000122070312
2020-09-18,1952.0999755859375,41.11000061035156,92.93000030517578
2020-09-21,1901.199951171875,39.310001373291016,93.54000091552734
2020-09-22,1898.5999755859375,39.599998474121094,93.98999786376953
2020-09-23,1859.9000244140625,39.93000030517578,94.38999938964844
2020-09-24,1868.300048828125,40.310001373291016,94.3499984741211
2020-09-25,1857.699951171875,40.25,94.58000183105469
2020-09-28,1872.800048828125,40.599998474121094,94.26000213623047
2020-09-29,1894.300048828125,39.290000915527344,93.88999938964844
2020-09-30,1887.5,40.220001220703125,93.88999938964844
2020-10-01,1908.4000244140625,38.720001220703125,93.70999908447266
2020-10-02,1900.199951171875,37.04999923706055,93.83999633789062
2020-10-05,1912.5,39.220001220703125,93.51000213623047
2020-10-06,1901.0999755859375,40.66999816894531,93.83000183105469
2020-10-07,1883.5999755859375,39.95000076293945,93.62999725341797
2020-10-08,1888.5999755859375,41.189998626708984,93.61000061035156
2020-10-09,1919.5,40.599998474121094,93.05999755859375
2020-10-12,1922.5,39.43000030517578,93.06999969482422
2020-10-13,1888.5,40.20000076293945,93.52999877929688
2020-10-14,1901.300048828125,41.040000915527344,93.37999725341797
2020-10-15,1903.199951171875,40.959999084472656,93.86000061035156
2020-10-16,1900.800048828125,40.880001068115234,93.68000030517578
2020-10-19,1906.4000244140625,40.83000183105469,93.43000030517578
2020-10-20,1910.4000244140625,41.459999084472656,93.06999969482422
2020-10-21,1924.5999755859375,40.029998779296875,92.61000061035156
2020-10-22,1901.0999755859375,40.63999938964844,92.94999694824219
2020-10-23,1902.0,39.849998474121094,92.7699966430664
2020-10-26,1902.699951171875,38.560001373291016,93.05000305175781
2020-10-27,1908.800048828125,39.56999969482422,92.94000244140625
2020-10-28,1876.199951171875,37.38999938964844,93.41000366210938
2020-10-29,1865.5999755859375,36.16999816894531,93.95999908447266
2020-10-30,1877.4000244140625,35.790000915527344,94.04000091552734
2020-11-02,1890.4000244140625,36.810001373291016,94.05000305175781
2020-11-03,1908.5,37.65999984741211,93.55000305175781
2020-11-04,1894.5999755859375,39.150001525878906,93.41000366210938
2020-11-05,1945.300048828125,38.790000915527344,92.52999877929688
2020-11-06,1950.300048828125,37.13999938964844,92.2300033569336
2020-11-09,1853.199951171875,40.290000915527344,92.7300033569336
2020-11-10,1875.4000244140625,41.36000061035156,92.75
2020-11-11,1860.699951171875,41.45000076293945,93.04000091552734
2020-11-12,1872.5999755859375,41.119998931884766,92.95999908447266
2020-11-13,1885.699951171875,40.130001068115234,92.76000213623047
2020-11-16,1887.300048828125,41.34000015258789,92.56999969482422
2020-11-17,1884.5,41.43000030517578,92.41999816894531
2020-11-18,1873.5,41.81999969482422,92.31999969482422
2020-11-19,1861.0999755859375,41.7400016784668,92.29000091552734
2020-11-20,1872.5999755859375,42.150001525878906,92.38999938964844
2020-11-23,1837.800048828125,43.060001373291016,92.51000213623047
2020-11-24,1804.800048828125,44.90999984741211,92.2300033569336
2020-11-25,1805.699951171875,45.709999084472656,91.98999786376953
2020-11-27,1781.9000244140625,45.529998779296875,91.79000091552734
2020-11-30,1775.699951171875,45.34000015258789,91.87000274658203
2020-12-01,1814.0999755859375,44.54999923706055,91.30999755859375
2020-12-02,1825.699951171875,45.279998779296875,91.12000274658203
2020-12-03,1836.800048828125,45.63999938964844,90.70999908447266
2020-12-04,1835.9000244140625,46.2599983215332,90.69999694824219
2020-12-07,1861.800048828125,45.7599983215332,90.79000091552734
2020-12-08,1870.800048828125,45.599998474121094,90.97000122070312
2020-12-09,1834.5999755859375,45.52000045776367,91.08999633789062
2020-12-10,1833.5999755859375,46.779998779296875,90.79000091552734
2020-12-11,1839.800048828125,46.56999969482422,90.9800033569336
2020-12-14,1828.699951171875,46.9900016784668,90.70999908447266
2020-12-15,1852.300048828125,47.619998931884766,90.47000122070312
2020-12-16,1856.0999755859375,47.81999969482422,90.44999694824219
2020-12-17,1887.199951171875,48.36000061035156,89.81999969482422
2020-12-18,1885.699951171875,49.099998474121094,90.0199966430664
2020-12-21,1879.199951171875,47.7400016784668,90.04000091552734
2020-12-22,1866.5999755859375,47.02000045776367,90.6500015258789
2020-12-23,1874.699951171875,48.119998931884766,90.41000366210938
2020-12-24,1879.9000244140625,48.22999954223633,90.33000183105469
2020-12-28,1877.199951171875,47.619998931884766,90.33999633789062
2020-12-29,1879.699951171875,48.0,90.01000213623047
2020-12-30,1891.0,48.400001525878906,89.62999725341797
2020-12-31,1893.0999755859375,48.52000045776367,89.94000244140625
2021-01-04,1944.699951171875,47.619998931884766,89.87999725341797
2021-01-05,1952.699951171875,49.93000030517578,89.44000244140625
2021-01-06,1906.9000244140625,50.630001068115234,89.52999877929688
2021-01-07,1912.300048828125,50.83000183105469,89.83000183105469
2021-01-08,1834.0999755859375,52.2400016784668,90.0999984741211
2021-01-11,1849.5999755859375,52.25,90.54000091552734
2021-01-12,1842.9000244140625,53.209999084472656,90.05000305175781
2021-01-13,1853.5999755859375,52.90999984741211,90.31999969482422
2021-01-14,1850.300048828125,53.56999969482422,90.23999786376953
2021-01-15,1829.300048828125,52.36000061035156,90.77999877929688
2021-01-19,1839.5,52.97999954223633,90.5
2021-01-20,1865.9000244140625,53.2400016784668,90.47000122070312
2021-01-21,1865.300048828125,53.130001068115234,90.12999725341797
2021-01-22,1855.699951171875,52.27000045776367,90.23999786376953
2021-01-25,1854.9000244140625,52.77000045776367,90.38999938964844
2021-01-26,1850.699951171875,52.61000061035156,90.16999816894531
2021-01-27,1844.9000244140625,52.849998474121094,90.6500015258789
2021-01-28,1837.9000244140625,52.34000015258789,90.45999908447266
2021-01-29,1847.300048828125,52.20000076293945,90.58000183105469
2021-02-01,1860.800048828125,53.54999923706055,91.0199966430664
2021-02-02,1830.5,54.7599983215332,91.19999694824219
2021-02-03,1832.199951171875,55.689998626708984,91.12000274658203
2021-02-04,1788.9000244140625,56.22999954223633,91.52999877929688
2021-02-05,1810.9000244140625,56.849998474121094,91.04000091552734
2021-02-08,1831.9000244140625,57.970001220703125,90.93000030517578
2021-02-09,1835.300048828125,58.36000061035156,90.44000244140625
2021-02-10,1840.5999755859375,58.68000030517578,90.37000274658203
2021-02-11,1824.9000244140625,58.2400016784668,90.41999816894531
2021-02-12,1821.5999755859375,59.470001220703125,90.4800033569336
2021-02-16,1797.199951171875,60.04999923706055,90.51000213623047
2021-02-17,1771.0999755859375,61.13999938964844,90.94999694824219
2021-02-18,1773.4000244140625,60.52000045776367,90.58999633789062
2021-02-19,1775.800048828125,59.2400016784668,90.36000061035156
2021-02-22,1806.699951171875,61.4900016784668,90.01000213623047
2021-02-23,1804.4000244140625,61.66999816894531,90.16999816894531
2021-02-24,1796.4000244140625,63.220001220703125,90.18000030517578
2021-02-25,1774.4000244140625,63.529998779296875,90.12999725341797
2021-02-26,1728.0999755859375,61.5,90.93000030517578
2021-03-01,1722.5,60.63999938964844,91.04000091552734
2021-03-02,1733.0999755859375,59.75,90.79000091552734
2021-03-03,1715.300048828125,61.279998779296875,90.94999694824219
2021-03-04,1700.199951171875,63.83000183105469,91.62999725341797
2021-03-05,1698.0,66.08999633789062,91.9800033569336
2021-03-08,1677.699951171875,65.05000305175781,92.30999755859375
2021-03-09,1716.5999755859375,64.01000213623047,91.95999908447266
2021-03-10,1721.5,64.44000244140625,91.79000091552734
2021-03-11,1722.300048828125,66.0199966430664,91.41999816894531
2021-03-12,1719.5,65.61000061035156,91.68000030517578
2021-03-15,1728.9000244140625,65.38999938964844,91.83000183105469
2021-03-16,1730.5999755859375,64.80000305175781,91.87000274658203
2021-03-17,1726.800048828125,64.5999984741211,91.4000015258789
2021-03-18,1732.199951171875,60.0,91.8499984741211
2021-03-19,1741.4000244140625,61.41999816894531,91.91999816894531
2021-03-22,1737.800048828125,61.54999923706055,91.80000305175781
2021-03-23,1724.699951171875,57.7599983215332,92.33999633789062
2021-03-24,1732.9000244140625,61.18000030517578,92.52999877929688
2021-03-25,1724.9000244140625,58.560001373291016,92.87999725341797
2021-03-26,1732.199951171875,60.970001220703125,92.7699966430664
2021-03-29,1712.0999755859375,61.560001373291016,92.94000244140625
2021-03-30,1683.9000244140625,60.54999923706055,93.30000305175781
2021-03-31,1713.800048828125,59.15999984741211,93.2300033569336
2021-04-01,1726.5,61.45000076293945,92.93000030517578
2021-04-05,1727.0,58.650001525878906,92.5999984741211
2021-04-06,1741.5,59.33000183105469,92.33999633789062
2021-04-07,1740.0999755859375,59.77000045776367,92.45999908447266
2021-04-08,1756.800048828125,59.599998474121094,92.05999755859375
2021-04-09,1743.300048828125,59.31999969482422,92.16000366210938
2021-04-12,1731.199951171875,59.70000076293945,92.13999938964844
2021-04-13,1746.199951171875,60.18000030517578,91.8499984741211
2021-04-14,1734.9000244140625,63.150001525878906,91.69000244140625
2021-04-15,1765.4000244140625,63.459999084472656,91.66999816894531
2021-04-16,1779.0,63.130001068115234,91.55999755859375
2021-04-19,1769.4000244140625,63.380001068115234,91.06999969482422
2021-04-20,1777.300048828125,62.439998626708984,91.23999786376953
2021-04-21,1792.300048828125,61.349998474121094,91.16000366210938
2021-04-22,1781.199951171875,61.43000030517578,91.33000183105469
2021-04-23,1777.0,62.13999938964844,90.86000061035156
2021-04-26,1779.199951171875,61.90999984741211,90.80999755859375
2021-04-27,1778.0,62.939998626708984,90.91000366210938
2021-04-28,1773.199951171875,63.86000061035156,90.61000061035156
2021-04-29,1768.0999755859375,65.01000213623047,90.61000061035156
2021-04-30,1767.300048828125,63.58000183105469,91.27999877929688
2021-05-03,1791.4000244140625,64.48999786376953,90.94999694824219
2021-05-04,1775.800048828125,65.69000244140625,91.29000091552734
2021-05-05,1784.0999755859375,65.62999725341797,91.30999755859375
2021-05-06,1815.5,64.70999908447266,90.94999694824219
2021-05-07,1831.0999755859375,64.9000015258789,90.2300033569336
2021-05-10,1837.5,64.91999816894531,90.20999908447266
2021-05-11,1835.9000244140625,65.27999877929688,90.13999938964844
2021-05-12,1822.5999755859375,66.08000183105469,90.70999908447266
2021-05-13,1823.800048828125,63.81999969482422,90.75
2021-05-14,1837.9000244140625,65.37000274658203,90.31999969482422
2021-05-17,1867.5,66.2699966430664,90.22000122070312
2021-05-18,1867.800048828125,65.48999786376953,89.75
2021-05-19,1881.300048828125,63.36000061035156,90.19000244140625
2021-05-20,1881.800048828125,62.04999923706055,89.80999755859375
2021-05-21,1876.699951171875,63.58000183105469,90.0199966430664
2021-05-24,1884.5999755859375,66.05000305175781,89.83000183105469
2021-05-25,1898.0999755859375,66.06999969482422,89.63999938964844
2021-05-26,1901.300048828125,66.20999908447266,90.04000091552734
2021-05-27,1895.699951171875,66.8499984741211,89.97000122070312
2021-05-28,1902.5,66.31999969482422,90.02999877929688
2021-06-01,1902.9000244140625,67.72000122070312,89.83000183105469
2021-06-02,1907.5,68.83000183105469,89.9000015258789
2021-06-03,1871.199951171875,68.80999755859375,90.5
2021-06-04,1889.800048828125,69.62000274658203,90.13999938964844
2021-06-07,1896.800048828125,69.2300033569336,89.94999694824219
2021-06-08,1892.199951171875,70.05000305175781,90.08000183105469
2021-06-09,1893.199951171875,69.95999908447266,90.12000274658203
2021-06-10,1894.199951171875,70.29000091552734,90.08000183105469
2021-06-11,1877.4000244140625,70.91000366210938,90.55999755859375
2021-06-14,1864.0,70.87999725341797,90.5199966430664
2021-06-15,1854.5,72.12000274658203,90.54000091552734
2021-06-16,1859.5,72.1500015258789,91.12999725341797
2021-06-17,1773.800048828125,71.04000091552734,91.88999938964844
2021-06-18,1767.9000244140625,71.63999938964844,92.2300033569336
2021-06-21,1781.800048828125,73.66000366210938,91.86000061035156
2021-06-22,1776.300048828125,73.05999755859375,91.7300033569336
2021-06-23,1782.300048828125,73.08000183105469,91.80000305175781
2021-06-24,1775.5999755859375,73.30000305175781,91.81999969482422
2021-06-25,1776.5999755859375,74.05000305175781,91.80999755859375
2021-06-28,1779.5999755859375,72.91000366210938,91.87999725341797
2021-06-29,1762.800048828125,72.9800033569336,92.05000305175781
2021-06-30,1770.800048828125,73.47000122070312,92.44000244140625
2021-07-01,1775.9000244140625,75.2300033569336,92.5999984741211
2021-07-02,1782.5999755859375,75.16000366210938,92.2300033569336
2021-07-06,1793.5,73.37000274658203,92.55000305175781
2021-07-07,1801.5,72.19999694824219,92.63999938964844
2021-07-08,1799.5999755859375,72.94000244140625,92.36000061035156
2021-07-09,1810.0,74.55999755859375,92.12999725341797
2021-07-12,1805.5,74.0999984741211,92.2300033569336
2021-07-13,1809.4000244140625,75.25,92.75
2021-07-14,1824.300048828125,73.12999725341797,92.41000366210938
2021-07-15,1828.4000244140625,71.6500015258789,92.62000274658203
2021-07-16,1814.5,71.80999755859375,92.69000244140625
2021-07-19,1808.699951171875,66.41999816894531,92.88999938964844
2021-07-20,1810.9000244140625,67.41999816894531,92.97000122070312
2021-07-21,1802.9000244140625,70.30000305175781,92.75
2021-07-22,1805.0,71.91000366210938,92.81999969482422
2021-07-23,1801.4000244140625,72.06999969482422,92.91000366210938
2021-07-26,1798.699951171875,71.91000366210938,92.6500015258789
2021-07-27,1799.5,71.6500015258789,92.43000030517578
2021-07-28,1799.5,72.38999938964844,92.31999969482422
2021-07-29,1831.199951171875,73.62000274658203,91.86000061035156
2021-07-30,1812.5999755859375,73.94999694824219,92.16999816894531
2021-08-02,1818.0999755859375,71.26000213623047,92.05000305175781
2021-08-03,1810.0999755859375,70.55999755859375,92.08000183105469
2021-08-04,1810.5,68.1500015258789,92.2699966430664
2021-08-05,1805.0999755859375,69.08999633789062,92.23999786376953
2021-08-06,1760.0,68.27999877929688,92.80000305175781
2021-08-09,1723.4000244140625,66.4800033569336,92.94999694824219
2021-08-10,1728.800048828125,68.29000091552734,93.05999755859375
2021-08-11,1750.4000244140625,69.25,92.91000366210938
2021-08-12,1749.0,69.08999633789062,93.04000091552734
2021-08-13,1775.199951171875,68.44000244140625,92.5199966430664
2021-08-16,1786.9000244140625,67.29000091552734,92.62999725341797
2021-08-17,1785.0,66.58999633789062,93.12999725341797
2021-08-18,1781.5999755859375,65.45999908447266,93.13999938964844
2021-08-19,1780.199951171875,63.689998626708984,93.56999969482422
2021-08-20,1781.0,62.31999969482422,93.5
2021-08-23,1803.199951171875,65.63999938964844,92.95999908447266
2021-08-24,1805.5999755859375,67.54000091552734,92.88999938964844
2021-08-25,1788.199951171875,68.36000061035156,92.83000183105469
2021-08-26,1792.199951171875,67.41999816894531,93.05999755859375
2021-08-27,1816.5999755859375,68.73999786376953,92.69000244140625
2021-08-30,1809.0,69.20999908447266,92.6500015258789
2021-08-31,1815.0,68.5,92.62999725341797
2021-09-01,1813.0999755859375,68.58999633789062,92.44999694824219
2021-09-02,1808.699951171875,69.98999786376953,92.2300033569336
2021-09-03,1830.9000244140625,69.29000091552734,92.04000091552734
2021-09-07,1795.9000244140625,68.3499984741211,92.5199966430664
2021-09-08,1790.699951171875,69.30000305175781,92.6500015258789
2021-09-09,1797.4000244140625,68.13999938964844,92.4800033569336
2021-09-10,1789.5999755859375,69.72000122070312,92.58000183105469
2021-09-13,1792.0,70.44999694824219,92.62000274658203
2021-09-14,1804.699951171875,70.45999908447266,92.6500015258789
2021-09-15,1792.4000244140625,72.61000061035156,92.48999786376953
2021-09-16,1754.5999755859375,72.61000061035156,92.86000061035156
2021-09-17,1749.4000244140625,71.97000122070312,93.19999694824219
2021-09-20,1761.800048828125,70.29000091552734,93.23999786376953
2021-09-21,1776.0,70.55999755859375,93.19999694824219
2021-09-22,1776.699951171875,72.2300033569336,93.45999908447266
2021-09-23,1747.699951171875,73.30000305175781,93.0999984741211
2021-09-24,1749.699951171875,73.9800033569336,93.33000183105469
2021-09-27,1750.0,75.44999694824219,93.37999725341797
2021-09-28,1735.800048828125,75.29000091552734,93.7699966430664
2021-09-29,1721.5,74.83000183105469,94.33999633789062
2021-09-30,1755.300048828125,75.02999877929688,94.25
2021-10-01,1757.0,75.87999725341797,94.04000091552734
2021-10-04,1766.199951171875,77.62000274658203,93.80999755859375
2021-10-05,1759.5999755859375,78.93000030517578,93.9800033569336
2021-10-06,1760.5,77.43000030517578,94.2699966430664
2021-10-07,1757.9000244140625,78.30000305175781,94.22000122070312
2021-10-08,1756.300048828125,79.3499984741211,94.06999969482422
2021-10-11,1754.5999755859375,80.5199966430664,94.31999969482422
2021-10-12,1758.300048828125,80.63999938964844,94.5199966430664
2021-10-13,1793.699951171875,80.44000244140625,94.08000183105469
2021-10-14,1796.699951171875,81.30999755859375,93.95999908447266
2021-10-15,1767.199951171875,82.27999877929688,93.94000244140625
2021-10-18,1764.800048828125,82.44000244140625,93.94999694824219
2021-10-19,1769.699951171875,82.95999908447266,93.79000091552734
2021-10-20,1784.0999755859375,83.87000274658203,93.55999755859375
2021-10-21,1781.199951171875,82.5,93.7699966430664
2021-10-22,1795.5,83.76000213623047,93.61000061035156
2021-10-25,1806.0,83.76000213623047,93.80999755859375
2021-10-26,1792.699951171875,84.6500015258789,93.94999694824219
2021-10-27,1797.9000244140625,82.66000366210938,93.86000061035156
2021-10-28,1801.5999755859375,82.80999755859375,93.3499984741211
2021-10-29,1783.0,83.56999969482422,94.12000274658203
2021-11-01,1795.0999755859375,84.05000305175781,93.87999725341797
2021-11-02,1788.699951171875,83.91000366210938,94.08999633789062
2021-11-03,1763.5999755859375,80.86000061035156,93.86000061035156
2021-11-04,1793.0,78.80999755859375,94.3499984741211
2021-11-05,1816.4000244140625,81.2699966430664,94.31999969482422
2021-11-08,1827.4000244140625,81.93000030517578,94.05000305175781
2021-11-09,1830.199951171875,84.1500015258789,93.95999908447266
2021-11-10,1847.5999755859375,81.33999633789062,94.8499984741211
2021-11-11,1863.199951171875,81.58999633789062,95.18000030517578
2021-11-12,1867.9000244140625,80.79000091552734,95.12999725341797
2021-11-15,1866.0999755859375,80.87999725341797,95.41000366210938
2021-11-16,1853.5999755859375,80.76000213623047,95.91999816894531
2021-11-17,1869.699951171875,78.36000061035156,95.83000183105469
2021-11-18,1861.0,79.01000213623047,95.54000091552734
2021-11-19,1851.199951171875,76.0999984741211,96.06999969482422
2021-11-22,1806.0,76.75,96.5
2021-11-23,1783.5,78.5,96.48999786376953
2021-11-24,1784.0999755859375,78.38999938964844,96.83999633789062
2021-11-26,1785.300048828125,68.1500015258789,96.08999633789062
2021-11-29,1782.300048828125,69.94999694824219,96.33999633789062
2021-11-30,1773.5999755859375,66.18000030517578,95.98999786376953
2021-12-01,1781.5999755859375,65.56999969482422,96.05000305175781
2021-12-02,1760.699951171875,66.5,96.12999725341797
2021-12-03,1782.0,66.26000213623047,96.12000274658203
2021-12-06,1777.5,69.48999786376953,96.29000091552734
2021-12-07,1782.5999755859375,72.05000305175781,96.37000274658203
2021-12-08,1783.4000244140625,72.36000061035156,95.88999938964844
2021-12-09,1774.5999755859375,70.94000244140625,96.2699966430664
2021-12-10,1782.9000244140625,71.66999816894531,96.05000305175781
2021-12-13,1786.300048828125,71.29000091552734,96.31999969482422
2021-12-14,1770.4000244140625,70.7300033569336,96.56999969482422
2021-12-15,1762.5999755859375,70.87000274658203,96.51000213623047
2021-12-16,1796.5999755859375,72.37999725341797,96.04000091552734
2021-12-17,1803.800048828125,70.86000061035156,96.56999969482422
2021-12-20,1793.699951171875,68.2300033569336,96.55000305175781
2021-12-21,1787.9000244140625,71.12000274658203,96.48999786376953
2021-12-22,1801.5999755859375,72.76000213623047,96.08000183105469
2021-12-23,1811.199951171875,73.79000091552734,96.0199966430664
2021-12-27,1808.0999755859375,75.56999969482422,96.08999633789062
2021-12-28,1810.199951171875,75.9800033569336,96.19999694824219
2021-12-29,1805.0999755859375,76.55999755859375,95.93000030517578
2021-12-30,1812.699951171875,76.98999786376953,95.97000122070312
2021-12-31,1827.5,75.20999908447266,95.66999816894531
2022-01-03,1799.4000244140625,76.08000183105469,96.23999786376953
2022-01-04,1814.0,76.98999786376953,96.29000091552734
2022-01-05,1824.5999755859375,77.8499984741211,96.19000244140625
2022-01-06,1788.699951171875,79.45999908447266,96.25
2022-01-07,1797.0,78.9000015258789,95.73999786376953
2022-01-10,1798.4000244140625,78.2300033569336,95.98999786376953
2022-01-11,1818.5999755859375,81.22000122070312,95.62000274658203
2022-01-12,1827.199951171875,82.63999938964844,95.0
2022-01-13,1821.199951171875,82.12000274658203,94.79000091552734
2022-01-14,1816.5,83.81999969482422,95.16999816894531
2022-01-18,1812.300048828125,85.43000030517578,95.7300033569336
2022-01-19,1843.0999755859375,86.95999908447266,95.51000213623047
2022-01-20,1842.5,86.9000015258789,95.73999786376953
2022-01-21,1831.800048828125,85.13999938964844,95.63999938964844
2022-01-24,1841.699951171875,83.30999755859375,95.91999816894531
2022-01-25,1852.699951171875,85.5999984741211,95.94999694824219
2022-01-26,1829.9000244140625,87.3499984741211,96.48999786376953
2022-01-27,1793.300048828125,86.61000061035156,97.26000213623047
2022-01-28,1784.9000244140625,86.81999969482422,97.2699966430664
2022-01-31,1795.0,88.1500015258789,96.54000091552734
2022-02-01,1800.300048828125,88.19999694824219,96.38999938964844
2022-02-02,1809.199951171875,88.26000213623047,95.94000244140625
2022-02-03,1803.0,90.2699966430664,95.37999725341797
2022-02-04,1806.5999755859375,92.30999755859375,95.4800033569336
2022-02-07,1820.5999755859375,91.31999969482422,95.4000015258789
2022-02-08,1826.5999755859375,89.36000061035156,95.63999938964844
2022-02-09,1835.199951171875,89.66000366210938,95.48999786376953
2022-02-10,1836.199951171875,89.87999725341797,95.55000305175781
2022-02-11,1840.800048828125,93.0999984741211,96.08000183105469
2022-02-14,1868.0,95.45999908447266,96.37000274658203
2022-02-15,1854.800048828125,92.06999969482422,95.98999786376953
2022-02-16,1870.199951171875,93.66000366210938,95.69999694824219
2022-02-17,1900.699951171875,91.76000213623047,95.80000305175781
2022-02-18,1898.5999755859375,91.06999969482422,96.04000091552734
2022-02-22,1906.0999755859375,92.3499984741211,96.02999877929688
2022-02-23,1909.199951171875,92.0999984741211,96.19000244140625
2022-02-24,1925.0999755859375,92.80999755859375,97.13999938964844
2022-02-25,1886.5,91.58999633789062,96.62000274658203
2022-02-28,1899.4000244140625,95.72000122070312,96.70999908447266
2022-03-01,1942.4000244140625,103.41000366210938,97.41000366210938
2022-03-02,1920.9000244140625,110.5999984741211,97.38999938964844
2022-03-03,1934.4000244140625,107.66999816894531,97.79000091552734
2022-03-04,1965.0999755859375,115.68000030517578,98.6500015258789
2022-03-07,1993.9000244140625,119.4000015258789,99.29000091552734
2022-03-08,2040.0999755859375,123.69999694824219,99.05999755859375
2022-03-09,1985.9000244140625,108.69999694824219,97.97000122070312
2022-03-10,1998.0999755859375,106.0199966430664,98.51000213623047
2022-03-11,1982.699951171875,109.33000183105469,99.12000274658203
2022-03-14,1959.5999755859375,103.01000213623047,99.05999755859375
2022-03-15,1928.5,96.44000244140625,99.06999969482422
2022-03-16,1908.0,95.04000091552734,98.37999725341797
2022-03-17,1942.0999755859375,102.9800033569336,98.01000213623047
2022-03-18,1928.199951171875,104.69999694824219,98.2300033569336
2022-03-21,1928.5999755859375,112.12000274658203,98.5
2022-03-22,1920.699951171875,111.76000213623047,98.48999786376953
2022-03-23,1936.5999755859375,114.93000030517578,98.62000274658203
2022-03-24,1961.5999755859375,112.33999633789062,98.79000091552734
2022-03-25,1953.800048828125,113.9000015258789,98.80999755859375
2022-03-28,1939.5999755859375,105.95999908447266,99.08999633789062
2022-03-29,1912.0,104.23999786376953,98.4000015258789
2022-03-30,1933.5,107.81999969482422,97.79000091552734
2022-03-31,1949.199951171875,100.27999877929688,98.30999755859375
2022-04-01,1919.0999755859375,99.2699966430664,98.62999725341797
2022-04-04,1929.199951171875,103.27999877929688,98.98999786376953
2022-04-05,1922.9000244140625,101.95999908447266,99.47000122070312
2022-04-06,1918.4000244140625,96.2300033569336,99.5999984741211
2022-04-07,1933.800048828125,96.02999877929688,99.75
2022-04-08,1941.5999755859375,98.26000213623047,99.80000305175781
2022-04-11,1944.300048828125,94.29000091552734,99.93000030517578
2022-04-12,1972.0999755859375,100.5999984741211,100.29000091552734
2022-04-13,1981.0,104.25,99.87999725341797
2022-04-14,1970.9000244140625,106.94999694824219,100.31999969482422
2022-04-18,1982.9000244140625,108.20999908447266,100.77999877929688
2022-04-19,1955.699951171875,102.55999755859375,100.95999908447266
2022-04-20,1952.300048828125,102.75,100.38999938964844
2022-04-21,1944.9000244140625,103.79000091552734,100.58000183105469
2022-04-22,1931.0,102.06999969482422,101.22000122070312
2022-04-25,1893.199951171875,98.54000091552734,101.75
2022-04-26,1901.4000244140625,101.69999694824219,102.30000305175781
2022-04-27,1885.9000244140625,102.0199966430664,102.94999694824219
2022-04-28,1888.699951171875,105.36000061035156,103.62000274658203
2022-04-29,1909.300048828125,104.69000244140625,102.95999908447266
2022-05-02,1861.800048828125,105.16999816894531,103.73999786376953
2022-05-03,1868.800048828125,102.41000366210938,103.47000122070312
2022-05-04,1867.0,107.80999755859375,102.58999633789062
2022-05-05,1874.0,108.26000213623047,103.75
2022-05-06,1881.199951171875,109.7699966430664,103.66000366210938
2022-05-09,1857.0999755859375,103.08999633789062,103.6500015258789
2022-05-10,1839.9000244140625,99.76000213623047,103.91999816894531
2022-05-11,1852.5999755859375,105.70999908447266,103.8499984741211
2022-05-12,1823.800048828125,106.12999725341797,104.8499984741211
2022-05-13,1807.4000244140625,110.48999786376953,104.55999755859375
2022-05-16,1813.5,114.19999694824219,104.19000244140625
2022-05-17,1818.199951171875,112.4000015258789,103.36000061035156
2022-05-18,1815.9000244140625,109.58999633789062,103.80999755859375
2022-05-19,1841.199951171875,112.20999908447266,102.72000122070312
2022-05-20,1841.800048828125,113.2300033569336,103.1500015258789
2022-05-23,1847.800048828125,110.29000091552734,102.08000183105469
2022-05-24,1865.0999755859375,109.7699966430664,101.86000061035156
2022-05-25,1846.199951171875,110.33000183105469,102.05999755859375
2022-05-26,1847.4000244140625,114.08999633789062,101.83000183105469
2022-05-27,1851.300048828125,115.06999969482422,101.66999816894531
2022-05-31,1842.699951171875,114.66999816894531,101.75
2022-06-01,1843.300048828125,115.26000213623047,102.55000305175781
2022-06-02,1866.5,116.87000274658203,101.7699966430664
2022-06-03,1845.4000244140625,118.87000274658203,102.13999938964844
2022-06-06,1839.199951171875,118.5,102.44000244140625
2022-06-07,1847.5,119.41000366210938,102.31999969482422
2022-06-08,1851.9000244140625,122.11000061035156,102.54000091552734
2022-06-09,1848.800048828125,121.51000213623047,103.22000122070312
2022-06-10,1871.5,120.66999816894531,104.1500015258789
2022-06-13,1828.0,120.93000030517578,105.08000183105469
2022-06-14,1809.5,118.93000030517578,105.5199966430664
2022-06-15,1815.300048828125,115.30999755859375,105.16000366210938
2022-06-16,1845.699951171875,117.58999633789062,103.62999725341797
2022-06-17,1835.5999755859375,109.55999755859375,104.69999694824219
2022-06-21,1834.5999755859375,110.6500015258789,104.44000244140625
2022-06-22,1834.300048828125,106.19000244140625,104.19999694824219
2022-06-23,1825.699951171875,104.2699966430664,104.43000030517578
2022-06-24,1826.5,107.62000274658203,104.19000244140625
2022-06-27,1820.9000244140625,109.56999969482422,103.94000244140625
2022-06-28,1817.5,111.76000213623047,104.51000213623047
2022-06-29,1813.699951171875,109.77999877929688,105.11000061035156
2022-06-30,1804.0999755859375,105.76000213623047,104.69000244140625
2022-07-01,1798.9000244140625,108.43000030517578,105.13999938964844
2022-07-05,1761.800048828125,99.5,106.5
2022-07-06,1734.9000244140625,98.52999877929688,107.0999984741211
2022-07-07,1737.9000244140625,102.7300033569336,107.12999725341797
2022-07-08,1740.5999755859375,104.79000091552734,107.01000213623047
2022-07-11,1730.0,104.08999633789062,108.0199966430664
2022-07-12,1723.300048828125,95.83999633789062,108.06999969482422
2022-07-13,1734.199951171875,96.30000305175781,107.95999908447266
2022-07-14,1704.5,95.77999877929688,108.54000091552734
2022-07-15,1702.4000244140625,97.58999633789062,108.05999755859375
2022-07-18,1709.199951171875,102.5999984741211,107.37000274658203
2022-07-19,1710.0,104.22000122070312,106.68000030517578
2022-07-20,1699.5,102.26000213623047,107.08000183105469
2022-07-21,1712.699951171875,96.3499984741211,106.91000366210938
2022-07-22,1727.0999755859375,94.69999694824219,106.7300033569336
2022-07-25,1719.0,96.69999694824219,106.4800033569336
2022-07-26,1717.699951171875,94.9800033569336,107.19000244140625
2022-07-27,1719.0999755859375,97.26000213623047,106.44999694824219
2022-07-28,1750.300048828125,96.41999816894531,106.3499984741211
2022-07-29,1762.9000244140625,98.62000274658203,105.9000015258789
2022-08-01,1769.0,93.88999938964844,105.44999694824219
2022-08-02,1771.0999755859375,94.41999816894531,106.23999786376953
2022-08-03,1758.0,90.66000366210938,106.51000213623047
2022-08-04,1788.5,88.54000091552734,105.69000244140625
2022-08-05,1772.9000244140625,89.01000213623047,106.62000274658203
2022-08-08,1786.800048828125,90.76000213623047,106.44000244140625
2022-08-09,1794.0,90.5,106.37000274658203
2022-08-10,1795.5999755859375,91.93000030517578,105.19999694824219
2022-08-11,1789.699951171875,94.33999633789062,105.08999633789062
2022-08-12,1798.5999755859375,92.08999633789062,105.62999725341797
2022-08-15,1781.4000244140625,89.41000366210938,106.55000305175781
2022-08-16,1773.199951171875,86.52999877929688,106.5
2022-08-17,1760.300048828125,88.11000061035156,106.56999969482422
2022-08-18,1755.300048828125,90.5,107.4800033569336
2022-08-19,1747.5999755859375,90.7699966430664,108.16999816894531
2022-08-22,1734.0,90.2300033569336,109.05000305175781
2022-08-23,1746.800048828125,93.73999786376953,108.62000274658203
2022-08-24,1747.800048828125,94.88999938964844,108.68000030517578
2022-08-25,1757.699951171875,92.5199966430664,108.47000122070312
2022-08-26,1736.0999755859375,93.05999755859375,108.80000305175781
2022-08-29,1736.5999755859375,97.01000213623047,108.83999633789062
2022-08-30,1723.199951171875,91.63999938964844,108.7699966430664
2022-08-31,1712.800048828125,89.55000305175781,108.69999694824219
2022-09-01,1696.5999755859375,86.61000061035156,109.69000244140625
2022-09-02,1709.800048828125,86.87000274658203,109.52999877929688
2022-09-06,1700.4000244140625,86.87999725341797,110.20999908447266
2022-09-07,1715.300048828125,81.94000244140625,109.83999633789062
2022-09-08,1708.0,83.54000091552734,109.70999908447266
2022-09-09,1716.199951171875,86.79000091552734,109.0
2022-09-12,1728.0999755859375,87.77999877929688,108.33000183105469
2022-09-13,1705.0,87.30999755859375,109.81999969482422
2022-09-14,1696.5,88.4800033569336,109.66000366210938
2022-09-15,1665.4000244140625,85.0999984741211,109.73999786376953
2022-09-16,1671.699951171875,85.11000061035156,109.76000213623047
2022-09-19,1666.199951171875,85.7300033569336,109.73999786376953
2022-09-20,1659.699951171875,84.44999694824219,110.22000122070312
2022-09-21,1664.5999755859375,82.94000244140625,110.63999938964844
2022-09-22,1670.800048828125,83.48999786376953,111.3499984741211
2022-09-23,1645.300048828125,78.73999786376953,113.19000244140625
2022-09-26,1623.300048828125,76.70999908447266,114.0999984741211
2022-09-27,1626.699951171875,78.5,114.11000061035156
2022-09-28,1660.4000244140625,82.1500015258789,112.5999984741211
2022-09-29,1658.5,81.2300033569336,112.25
2022-09-30,1662.4000244140625,79.48999786376953,112.12000274658203
2022-10-03,1692.9000244140625,83.62999725341797,111.75
2022-10-04,1721.0999755859375,86.5199966430664,110.06999969482422
2022-10-05,1711.4000244140625,87.76000213623047,111.06999969482422
2022-10-06,1711.699951171875,88.44999694824219,112.26000213623047
2022-10-07,1700.5,92.63999938964844,112.80000305175781
2022-10-10,1667.300048828125,91.12999725341797,113.13999938964844
2022-10-11,1678.699951171875,89.3499984741211,113.22000122070312
2022-10-12,1670.300048828125,87.2699966430664,113.31999969482422
2022-10-13,1670.0,89.11000061035156,112.36000061035156
2022-10-14,1641.699951171875,85.61000061035156,113.30999755859375
2022-10-17,1657.0,85.45999908447266,112.04000091552734
2022-10-18,1649.0,82.81999969482422,112.12999725341797
2022-10-19,1627.5,85.55000305175781,112.9800033569336
2022-10-20,1630.800048828125,85.9800033569336,112.87999725341797
2022-10-21,1651.0,85.05000305175781,112.01000213623047
2022-10-24,1648.699951171875,84.58000183105469,111.98999786376953
2022-10-25,1652.800048828125,85.31999969482422,110.94999694824219
2022-10-26,1664.0,87.91000366210938,109.69999694824219
2022-10-27,1660.699951171875,89.08000183105469,110.58999633789062
2022-10-28,1639.5999755859375,87.9000015258789,110.66999816894531
2022-10-31,1635.9000244140625,86.52999877929688,111.52999877929688
2022-11-01,1645.0,88.37000274658203,111.4800033569336
2022-11-02,1645.699951171875,90.0,111.3499984741211
2022-11-03,1627.300048828125,88.16999816894531,112.93000030517578
2022-11-04,1672.5,92.61000061035156,110.87999725341797
2022-11-07,1676.5,91.79000091552734,110.12000274658203
2022-11-08,1712.0999755859375,88.91000366210938,109.62000274658203
2022-11-09,1710.0999755859375,85.83000183105469,110.55000305175781
2022-11-10,1750.300048828125,86.47000122070312,108.20999908447266
2022-11-11,1766.0,88.95999908447266,106.29000091552734
2022-11-14,1773.5999755859375,85.87000274658203,106.66000366210938
2022-11-15,1773.800048828125,86.91999816894531,106.4000015258789
2022-11-16,1773.0,85.58999633789062,106.27999877929688
2022-11-17,1760.800048828125,81.63999938964844,106.69000244140625
2022-11-18,1751.9000244140625,80.08000183105469,106.93000030517578
2022-11-21,1737.4000244140625,79.7300033569336,107.83999633789062
2022-11-22,1738.300048828125,80.94999694824219,107.22000122070312
2022-11-23,1744.9000244140625,77.94000244140625,106.08000183105469
2022-11-25,1753.300048828125,76.27999877929688,105.95999908447266
2022-11-28,1740.0999755859375,77.23999786376953,106.68000030517578
2022-11-29,1748.4000244140625,78.19999694824219,106.81999969482422
2022-11-30,1746.0,80.55000305175781,105.94999694824219
2022-12-01,1801.0999755859375,81.22000122070312,104.7300033569336
2022-12-02,1795.9000244140625,79.9800033569336,104.55000305175781
2022-12-05,1767.4000244140625,76.93000030517578,105.29000091552734
2022-12-06,1769.300048828125,74.25,105.58000183105469
2022-12-07,1785.5,72.01000213623047,105.0999984741211
2022-12-08,1788.699951171875,71.45999908447266,104.7699966430664
2022-12-09,1798.0999755859375,71.0199966430664,104.80999755859375
2022-12-12,1780.5,73.16999816894531,105.12999725341797
2022-12-13,1813.9000244140625,75.38999938964844,103.9800033569336
2022-12-14,1807.5,77.27999877929688,103.7699966430664
2022-12-15,1777.199951171875,76.11000061035156,104.55999755859375
2022-12-16,1790.0,74.29000091552734,104.69999694824219
2022-12-19,1787.699951171875,75.19000244140625,104.72000122070312
2022-12-20,1815.9000244140625,76.08999633789062,103.97000122070312
2022-12-21,1815.9000244140625,78.29000091552734,104.16000366210938
2022-12-22,1787.0,77.48999786376953,104.43000030517578
2022-12-23,1795.9000244140625,79.55999755859375,104.30999755859375
2022-12-27,1814.800048828125,79.52999877929688,104.18000030517578
2022-12-28,1807.9000244140625,78.95999908447266,104.45999908447266
2022-12-29,1819.5,78.4000015258789,103.83999633789062
2022-12-30,1819.699951171875,80.26000213623047,103.5199966430664
2023-01-03,1839.699951171875,76.93000030517578,104.5199966430664
2023-01-04,1852.800048828125,72.83999633789062,104.25
2023-01-05,1834.800048828125,73.66999816894531,105.04000091552734
2023-01-06,1864.199951171875,73.7699966430664,103.87999725341797
2023-01-09,1872.699951171875,74.62999725341797,103.0
2023-01-10,1871.5999755859375,75.12000274658203,103.23999786376953
2023-01-11,1874.5999755859375,77.41000366210938,103.19000244140625
2023-01-12,1895.5,78.38999938964844,102.25
2023-01-13,1918.4000244140625,79.86000061035156,102.19999694824219
2023-01-17,1907.199951171875,80.18000030517578,102.38999938964844
2023-01-18,1904.4000244140625,79.4800033569336,102.36000061035156
2023-01-19,1922.0999755859375,80.33000183105469,102.05999755859375
2023-01-20,1926.4000244140625,81.30999755859375,102.01000213623047
2023-01-23,1927.0999755859375,81.62000274658203,102.13999938964844
2023-01-24,1933.9000244140625,80.12999725341797,101.91999816894531
2023-01-25,1941.199951171875,80.1500015258789,101.63999938964844
2023-01-26,1929.0999755859375,81.01000213623047,101.83999633789062
2023-01-27,1928.5999755859375,79.68000030517578,101.93000030517578
2023-01-30,1922.9000244140625,77.9000015258789,102.27999877929688
2023-01-31,1929.5,78.87000274658203,102.0999984741211
2023-02-01,1927.800048828125,76.41000366210938,101.22000122070312
2023-02-02,1916.300048828125,75.87999725341797,101.75
2023-02-03,1862.9000244140625,73.38999938964844,102.91999816894531
2023-02-06,1866.199951171875,74.11000061035156,103.62000274658203
2023-02-07,1871.699951171875,77.13999938964844,103.43000030517578
2023-02-08,1877.4000244140625,78.47000122070312,103.41000366210938
2023-02-09,1866.199951171875,78.05999755859375,103.22000122070312
2023-02-10,1862.800048828125,79.72000122070312,103.62999725341797
2023-02-13,1851.9000244140625,80.13999938964844,103.3499984741211
2023-02-14,1854.0,79.05999755859375,103.2300033569336
2023-02-15,1834.199951171875,78.58999633789062,103.91999816894531
2023-02-16,1842.0,78.48999786376953,103.86000061035156
2023-02-17,1840.4000244140625,76.33999633789062,103.86000061035156
2023-02-21,1833.0,76.16000366210938,104.18000030517578
2023-02-22,1832.0,73.94999694824219,104.58999633789062
2023-02-23,1818.0,75.38999938964844,104.5999984741211
2023-02-24,1808.800048828125,76.31999969482422,105.20999908447266
2023-02-27,1817.0,75.68000030517578,104.66999816894531
2023-02-28,1828.9000244140625,77.05000305175781,104.87000274658203
2023-03-01,1837.699951171875,77.69000244140625,104.4800033569336
2023-03-02,1833.5,78.16000366210938,105.02999877929688
2023-03-03,1847.699951171875,79.68000030517578,104.5199966430664
2023-03-06,1847.9000244140625,80.45999908447266,104.3499984741211
2023-03-07,1813.9000244140625,77.58000183105469,105.62000274658203
2023-03-08,1812.699951171875,76.66000366210938,105.66000366210938
2023-03-09,1829.300048828125,75.72000122070312,105.30999755859375
2023-03-10,1862.0,76.68000030517578,104.58000183105469
2023-03-13,1911.699951171875,74.80000305175781,103.5999984741211
2023-03-14,1906.199951171875,71.33000183105469,103.5999984741211
2023-03-15,1926.5999755859375,67.61000061035156,104.6500015258789
2023-03-16,1919.0,68.3499984741211,104.41999816894531
2023-03-17,1969.800048828125,66.73999786376953,103.70999908447266
2023-03-20,1979.199951171875,67.63999938964844,103.27999877929688
2023-03-21,1938.0,69.33000183105469,103.26000213623047
2023-03-22,1946.800048828125,70.9000015258789,102.3499984741211
2023-03-23,1993.800048828125,69.95999908447266,102.52999877929688
2023-03-24,1982.0999755859375,69.26000213623047,103.12000274658203
2023-03-27,1952.4000244140625,72.80999755859375,102.86000061035156
2023-03-28,1972.4000244140625,73.19999694824219,102.43000030517578
2023-03-29,1966.0999755859375,72.97000122070312,102.63999938964844
2023-03-30,1980.300048828125,74.37000274658203,102.13999938964844
2023-03-31,1969.0,75.66999816894531,102.51000213623047
2023-04-03,1983.9000244140625,80.41999816894531,102.08999633789062
2023-04-04,2022.199951171875,80.70999908447266,101.58999633789062
2023-04-05,2020.9000244140625,80.61000061035156,101.8499984741211
2023-04-06,2011.9000244140625,80.69999694824219,101.81999969482422
2023-04-10,1989.0999755859375,79.73999786376953,102.58000183105469
2023-04-11,2004.800048828125,81.52999877929688,102.19999694824219
2023-04-12,2010.9000244140625,83.26000213623047,101.5
2023-04-13,2041.300048828125,82.16000366210938,101.01000213623047
2023-04-14,2002.199951171875,82.5199966430664,101.55000305175781
2023-04-17,1994.199951171875,80.83000183105469,102.0999984741211
2023-04-18,2007.4000244140625,80.86000061035156,101.75
2023-04-19,1995.199951171875,79.16000366210938,101.97000122070312
2023-04-20,2007.5999755859375,77.29000091552734,101.83999633789062
2023-04-21,1979.5,77.87000274658203,101.81999969482422
2023-04-24,1989.0999755859375,78.76000213623047,101.3499984741211
2023-04-25,1994.0,77.06999969482422,101.86000061035156
2023-04-26,1985.699951171875,74.30000305175781,101.47000122070312
2023-04-27,1989.9000244140625,74.76000213623047,101.5
2023-04-28,1990.0999755859375,76.77999877929688,101.66999816894531
2023-05-01,1983.4000244140625,75.66000366210938,102.1500015258789
2023-05-02,2014.300048828125,71.66000366210938,101.95999908447266
2023-05-03,2028.5999755859375,68.5999984741211,101.33999633789062
2023-05-04,2048.0,68.55999755859375,101.4000015258789
2023-05-05,2017.4000244140625,71.33999633789062,101.20999908447266
2023-05-08,2026.300048828125,73.16000366210938,101.37000274658203
2023-05-09,2036.199951171875,73.70999908447266,101.63999938964844
2023-05-10,2030.5,72.55999755859375,101.4800033569336
2023-05-11,2014.699951171875,70.87000274658203,102.05999755859375
2023-05-12,2014.5,70.04000091552734,102.68000030517578
2023-05-15,2018.0,71.11000061035156,102.43000030517578
2023-05-16,1988.4000244140625,70.86000061035156,102.55999755859375
2023-05-17,1980.699951171875,72.83000183105469,102.87999725341797
2023-05-18,1956.5,71.86000061035156,103.58000183105469
2023-05-19,1978.699951171875,71.55000305175781,103.19999694824219
2023-05-22,1974.800048828125,71.98999786376953,103.19999694824219
2023-05-23,1972.4000244140625,72.91000366210938,103.48999786376953
2023-05-24,1962.800048828125,74.33999633789062,103.88999938964844
2023-05-25,1943.0999755859375,71.83000183105469,104.20999908447266
2023-05-26,1944.0999755859375,72.66999816894531,104.20999908447266
2023-05-30,1958.0,69.45999908447266,104.16999816894531
2023-05-31,1963.9000244140625,68.08999633789062,104.31999969482422
2023-06-01,1978.0,70.0999984741211,103.55999755859375
2023-06-02,1952.4000244140625,71.73999786376953,104.0199966430664
2023-06-05,1958.0,72.1500015258789,104.0
2023-06-06,1965.5,71.73999786376953,104.12999725341797
2023-06-07,1942.699951171875,72.52999877929688,104.0999984741211
2023-06-08,1963.5999755859375,71.29000091552734,103.33999633789062
2023-06-09,1962.199951171875,70.16999816894531,103.55999755859375
2023-06-12,1955.300048828125,67.12000274658203,103.62999725341797
2023-06-13,1944.5999755859375,69.41999816894531,103.33999633789062
2023-06-14,1955.300048828125,68.2699966430664,103.01000213623047
2023-06-15,1957.800048828125,70.62000274658203,102.12000274658203
2023-06-16,1958.4000244140625,71.77999877929688,102.30000305175781
2023-06-20,1935.5,70.5,102.54000091552734
2023-06-21,1933.300048828125,72.52999877929688,102.06999969482422
2023-06-22,1912.699951171875,69.51000213623047,102.38999938964844
2023-06-23,1919.0999755859375,69.16000366210938,102.9000015258789
2023-06-26,1923.699951171875,69.37000274658203,102.69000244140625
2023-06-27,1914.0,67.69999694824219,102.48999786376953
2023-06-28,1912.300048828125,69.55999755859375,102.91000366210938
2023-06-29,1909.199951171875,69.86000061035156,103.33999633789062
2023-06-30,1921.0999755859375,70.63999938964844,102.91000366210938
2023-07-03,1921.699951171875,69.79000091552734,102.98999786376953
2023-07-05,1919.5999755859375,71.79000091552734,103.37000274658203
2023-07-06,1908.699951171875,71.80000305175781,103.16999816894531
2023-07-07,1926.199951171875,73.86000061035156,102.2699966430664
2023-07-10,1925.0,72.98999786376953,101.97000122070312
2023-07-11,1931.300048828125,74.83000183105469,101.7300033569336
2023-07-12,1956.199951171875,75.75,100.5199966430664
2023-07-13,1959.199951171875,76.88999938964844,99.7699966430664
2023-07-14,1960.0999755859375,75.41999816894531,99.91000366210938
2023-07-17,1952.4000244140625,74.1500015258789,99.83999633789062
2023-07-18,1977.199951171875,75.75,99.94000244140625
2023-07-19,1977.5,75.3499984741211,100.27999877929688
2023-07-20,1968.300048828125,75.62999725341797,100.87999725341797
2023-07-21,1964.300048828125,77.06999969482422,101.06999969482422
2023-07-24,1960.300048828125,78.73999786376953,101.3499984741211
2023-07-25,1962.0999755859375,79.62999725341797,101.3499984741211
2023-07-26,1968.9000244140625,78.77999877929688,100.88999938964844
2023-07-27,1945.4000244140625,80.08999633789062,101.7699966430664
2023-07-28,1960.4000244140625,80.58000183105469,101.62000274658203
2023-07-31,1970.5,81.80000305175781,101.86000061035156
2023-08-01,1940.699951171875,81.37000274658203,102.30000305175781
2023-08-02,1937.4000244140625,79.48999786376953,102.58999633789062
2023-08-03,1932.0,81.55000305175781,102.54000091552734
2023-08-04,1939.5999755859375,82.81999969482422,102.0199966430664
2023-08-07,1933.5,81.94000244140625,102.05000305175781
2023-08-08,1924.0999755859375,82.91999816894531,102.52999877929688
2023-08-09,1915.4000244140625,84.4000015258789,102.48999786376953
2023-08-10,1914.4000244140625,82.81999969482422,102.5199966430664
2023-08-11,1912.9000244140625,83.19000244140625,102.83999633789062
2023-08-14,1910.5999755859375,82.51000213623047,103.19000244140625
2023-08-15,1902.5,80.98999786376953,103.20999908447266
2023-08-16,1896.0999755859375,79.37999725341797,103.41999816894531
2023-08-17,1884.0999755859375,80.38999938964844,103.44000244140625
2023-08-18,1886.0999755859375,81.25,103.37999725341797
2023-08-21,1893.300048828125,80.72000122070312,103.33000183105469
2023-08-22,1896.4000244140625,80.3499984741211,103.55999755859375
2023-08-23,1918.5,78.88999938964844,103.36000061035156
2023-08-24,1918.199951171875,79.05000305175781,103.9800033569336
2023-08-25,1911.0999755859375,79.83000183105469,104.08000183105469
2023-08-28,1917.9000244140625,80.0999984741211,104.05999755859375
2023-08-29,1936.5,81.16000366210938,103.55000305175781
2023-08-30,1944.300048828125,81.62999725341797,103.16000366210938
2023-08-31,1938.199951171875,83.62999725341797,103.62000274658203
2023-09-01,1939.800048828125,85.55000305175781,104.23999786376953
2023-09-05,1926.199951171875,86.69000244140625,104.80999755859375
2023-09-06,1918.0999755859375,87.54000091552734,104.86000061035156
2023-09-07,1917.5,86.87000274658203,105.05999755859375
2023-09-08,1918.4000244140625,87.51000213623047,105.08999633789062
2023-09-11,1923.300048828125,87.29000091552734,104.56999969482422
2023-09-12,1911.300048828125,88.83999633789062,104.70999908447266
2023-09-13,1909.0999755859375,88.5199966430664,104.7699966430664
2023-09-14,1910.0,90.16000366210938,105.41000366210938
2023-09-15,1923.699951171875,90.7699966430664,105.31999969482422
2023-09-18,1931.5,91.4800033569336,105.19999694824219
2023-09-19,1932.0,91.19999694824219,105.19999694824219
2023-09-20,1945.5999755859375,90.27999877929688,105.16000366210938
2023-09-21,1919.199951171875,89.62999725341797,105.36000061035156
2023-09-22,1925.4000244140625,90.02999877929688,105.58000183105469
2023-09-25,1916.5999755859375,89.68000030517578,106.0
2023-09-26,1900.4000244140625,90.38999938964844,106.2300033569336
2023-09-27,1871.5999755859375,93.68000030517578,106.66999816894531
2023-09-28,1860.4000244140625,91.70999908447266,106.22000122070312
2023-09-29,1848.0999755859375,90.79000091552734,106.16999816894531
2023-10-02,1830.0,88.81999969482422,106.9000015258789
2023-10-03,1824.5999755859375,89.2300033569336,107.0
2023-10-04,1818.5,84.22000122070312,106.80000305175781
2023-10-05,1816.5999755859375,82.30999755859375,106.33000183105469
2023-10-06,1830.199951171875,82.79000091552734,106.04000091552734
2023-10-09,1849.5,86.37999725341797,106.08000183105469
2023-10-10,1861.0,85.97000122070312,105.83000183105469
2023-10-11,1872.800048828125,83.48999786376953,105.81999969482422
2023-10-12,1869.300048828125,82.91000366210938,106.56999969482422
2023-10-13,1927.4000244140625,87.69000244140625,106.6500015258789
2023-10-16,1921.0999755859375,86.66000366210938,106.23999786376953
2023-10-17,1922.699951171875,86.66000366210938,106.25
2023-10-18,1955.300048828125,88.31999969482422,106.56999969482422
2023-10-19,1968.4000244140625,89.37000274658203,106.25
2023-10-20,1982.5,88.75,106.16000366210938
2023-10-23,1976.300048828125,85.48999786376953,105.54000091552734
2023-10-24,1975.0,83.73999786376953,106.2699966430664
2023-10-25,1984.0999755859375,85.38999938964844,106.52999877929688
2023-10-26,1987.199951171875,83.20999908447266,106.5999984741211
2023-10-27,1988.5999755859375,85.54000091552734,106.55999755859375
2023-10-30,1996.199951171875,82.30999755859375,106.12000274658203
2023-10-31,1985.199951171875,81.0199966430664,106.66000366210938
2023-11-01,1978.800048828125,80.44000244140625,106.87999725341797
2023-11-02,1985.5999755859375,82.45999908447266,106.12000274658203
2023-11-03,1991.5,80.51000213623047,105.0199966430664
2023-11-06,1981.5999755859375,80.81999969482422,105.22000122070312
2023-11-07,1966.800048828125,77.37000274658203,105.54000091552734
2023-11-08,1951.5,75.33000183105469,105.58999633789062
2023-11-09,1964.199951171875,75.73999786376953,105.91000366210938
2023-11-10,1932.5999755859375,77.16999816894531,105.86000061035156
2023-11-13,1945.5,78.26000213623047,105.66000366210938
2023-11-14,1961.800048828125,78.26000213623047,104.11000061035156
2023-11-15,1960.0999755859375,76.66000366210938,104.38999938964844
2023-11-16,1983.9000244140625,72.9000015258789,104.37000274658203
2023-11-17,1981.5999755859375,75.88999938964844,103.81999969482422
2023-11-20,1977.699951171875,77.5999984741211,103.47000122070312
2023-11-21,1999.300048828125,77.7699966430664,103.58999633789062
2023-11-22,1991.4000244140625,77.0999984741211,103.91999816894531
2023-11-24,2002.199951171875,75.54000091552734,103.4000015258789
2023-11-27,2011.800048828125,74.86000061035156,103.19999694824219
2023-11-28,2039.699951171875,76.41000366210938,102.75
2023-11-29,2047.0999755859375,77.86000061035156,102.7699966430664
2023-11-30,2038.0999755859375,75.95999908447266,103.5
2023-12-01,2071.0,74.06999969482422,103.2699966430664
2023-12-04,2024.0999755859375,73.04000091552734,103.63999938964844
2023-12-05,2018.5,72.31999969482422,104.05000305175781
2023-12-06,2030.5,69.37999725341797,104.1500015258789
2023-12-07,2029.9000244140625,69.33999633789062,103.54000091552734
2023-12-08,1998.300048828125,71.2300033569336,104.01000213623047
2023-12-11,1978.0,71.31999969482422,104.0999984741211
2023-12-12,1977.800048828125,68.61000061035156,103.87000274658203
2023-12-13,1982.300048828125,69.47000122070312,102.87000274658203
2023-12-14,2030.199951171875,71.58000183105469,101.95999908447266
2023-12-15,2021.0999755859375,71.43000030517578,102.55000305175781
2023-12-18,2026.300048828125,72.47000122070312,102.51000213623047
2023-12-19,2038.4000244140625,73.44000244140625,102.16999816894531
2023-12-20,2034.5,74.22000122070312,102.41000366210938
2023-12-21,2039.0999755859375,73.88999938964844,101.83999633789062
2023-12-22,2057.10009765625,73.55999755859375,101.69999694824219
2023-12-26,2058.199951171875,75.56999969482422,101.47000122070312
2023-12-27,2081.89990234375,74.11000061035156,100.98999786376953
2023-12-28,2073.89990234375,71.7699966430664,101.2300033569336
2023-12-29,2062.39990234375,71.6500015258789,101.33000183105469
2024-01-02,2064.39990234375,70.37999725341797,102.19999694824219
2024-01-03,2034.199951171875,72.69999694824219,102.45999908447266
2024-01-04,2042.300048828125,72.19000244140625,102.41999816894531
2024-01-05,2042.4000244140625,73.80999755859375,102.41000366210938
2024-01-08,2026.5999755859375,70.7699966430664,102.20999908447266
2024-01-09,2026.4000244140625,72.23999786376953,102.56999969482422
2024-01-10,2021.699951171875,71.37000274658203,102.36000061035156
2024-01-11,2014.300048828125,72.0199966430664,102.29000091552734
2024-01-12,2046.699951171875,72.68000030517578,102.4000015258789
2024-01-16,2026.0,72.4000015258789,103.36000061035156
2024-01-17,2002.5999755859375,72.55999755859375,103.44999694824219
2024-01-18,2018.5999755859375,74.08000183105469,103.54000091552734
2024-01-19,2026.5,73.41000366210938,103.29000091552734
2024-01-22,2019.800048828125,75.19000244140625,103.33000183105469
2024-01-23,2023.699951171875,74.37000274658203,103.62000274658203
2024-01-24,2013.9000244140625,75.08999633789062,103.23999786376953
2024-01-25,2016.9000244140625,77.36000061035156,103.56999969482422
2024-01-26,2016.800048828125,78.01000213623047,103.47000122070312
2024-01-29,2025.199951171875,76.77999877929688,103.61000061035156
2024-01-30,2031.5,77.81999969482422,103.4000015258789
2024-01-31,2048.39990234375,75.8499984741211,103.2699966430664
2024-02-01,2053.0,73.81999969482422,103.05000305175781
2024-02-02,2036.0999755859375,72.27999877929688,103.91999816894531
2024-02-05,2025.699951171875,72.77999877929688,104.44999694824219
2024-02-06,2034.5,73.30999755859375,104.18000030517578
2024-02-07,2035.199951171875,73.86000061035156,104.04000091552734
2024-02-08,2032.199951171875,76.22000122070312,104.1500015258789
2024-02-09,2023.300048828125,76.83999633789062,104.08000183105469
2024-02-12,2018.199951171875,76.91999816894531,104.16999816894531
2024-02-13,1992.9000244140625,77.87000274658203,104.95999908447266
2024-02-14,1990.300048828125,76.63999938964844,104.72000122070312
2024-02-15,2002.0999755859375,78.02999877929688,104.30000305175781
2024-02-16,2011.5,79.19000244140625,104.27999877929688
2024-02-20,2027.5,78.18000030517578,104.08000183105469
2024-02-21,2022.300048828125,77.91000366210938,104.01000213623047
2024-02-22,2019.699951171875,78.61000061035156,103.95999908447266
2024-02-23,2038.5999755859375,76.48999786376953,103.94000244140625
2024-02-26,2028.5,77.58000183105469,103.83000183105469
2024-02-27,2034.0,78.87000274658203,103.83000183105469
2024-02-28,2033.0,78.54000091552734,103.9800033569336
2024-02-29,2045.699951171875,78.26000213623047,104.16000366210938
2024-03-01,2086.89990234375,79.97000122070312,103.86000061035156
2024-03-04,2117.699951171875,78.73999786376953,103.83000183105469
2024-03-05,2133.5,78.1500015258789,103.80000305175781
2024-03-06,2150.300048828125,79.12999725341797,103.37000274658203
2024-03-07,2158.0,78.93000030517578,102.81999969482422
2024-03-08,2178.60009765625,78.01000213623047,102.73999786376953
2024-03-11,2182.5,77.93000030517578,102.87000274658203
2024-03-12,2160.39990234375,77.55999755859375,102.95999908447266
2024-03-13,2175.39990234375,79.72000122070312,102.79000091552734
2024-03-14,2163.0,81.26000213623047,103.36000061035156
2024-03-15,2157.300048828125,81.04000091552734,103.43000030517578
2024-03-18,2160.699951171875,82.72000122070312,103.58000183105469
2024-03-19,2156.300048828125,83.47000122070312,103.80999755859375
2024-03-20,2157.89990234375,81.68000030517578,103.41000366210938
2024-03-21,2182.39990234375,81.06999969482422,104.0
2024-03-22,2158.10009765625,80.62999725341797,104.43000030517578
2024-03-25,2174.800048828125,81.94999694824219,104.2300033569336
2024-03-26,2175.60009765625,81.62000274658203,104.29000091552734
2024-03-27,2190.60009765625,81.3499984741211,104.3499984741211
2024-03-28,2217.39990234375,83.16999816894531,104.55000305175781
2024-04-01,2236.5,83.70999908447266,105.0199966430664
2024-04-02,2261.0,85.1500015258789,104.81999969482422
2024-04-03,2294.39990234375,85.43000030517578,104.25
2024-04-04,2288.800048828125,86.58999633789062,104.12000274658203
2024-04-05,2325.699951171875,86.91000366210938,104.30000305175781
2024-04-08,2331.699951171875,86.43000030517578,104.13999938964844
2024-04-09,2343.5,85.2300033569336,104.1500015258789
2024-04-10,2329.60009765625,86.20999908447266,105.25
2024-04-11,2354.800048828125,85.0199966430664,105.27999877929688
2024-04-12,2356.199951171875,85.66000366210938,106.04000091552734
2024-04-15,2365.800048828125,85.41000366210938,106.20999908447266
2024-04-16,2390.800048828125,85.36000061035156,106.26000213623047
2024-04-17,2371.699951171875,82.69000244140625,105.94999694824219
2024-04-18,2382.300048828125,82.7300033569336,106.1500015258789
2024-04-19,2398.39990234375,83.13999938964844,106.1500015258789
2024-04-22,2332.199951171875,82.8499984741211,106.08000183105469
2024-04-23,2327.699951171875,83.36000061035156,105.69000244140625
2024-04-24,2324.5,82.80999755859375,105.86000061035156
2024-04-25,2329.800048828125,83.56999969482422,105.5999984741211
2024-04-26,2334.800048828125,83.8499984741211,105.94000244140625
2024-04-29,2345.39990234375,82.62999725341797,105.58000183105469
2024-04-30,2291.39990234375,81.93000030517578,106.22000122070312
2024-05-01,2299.89990234375,79.0,105.76000213623047
2024-05-02,2299.199951171875,78.94999694824219,105.30000305175781
2024-05-03,2299.0,78.11000061035156,105.02999877929688
2024-05-06,2321.60009765625,78.4800033569336,105.05000305175781
2024-05-07,2315.199951171875,78.37999725341797,105.41000366210938
2024-05-08,2313.60009765625,78.98999786376953,105.55000305175781
2024-05-09,2332.10009765625,79.26000213623047,105.2300033569336
2024-05-10,2367.300048828125,78.26000213623047,105.30999755859375
2024-05-13,2336.10009765625,79.12000274658203,105.22000122070312
2024-05-14,2353.39990234375,78.0199966430664,105.01000213623047
2024-05-15,2388.699951171875,78.62999725341797,104.3499984741211
2024-05-16,2380.0,79.2300033569336,104.45999908447266
2024-05-17,2412.199951171875,80.05999755859375,104.44999694824219
2024-05-20,2433.89990234375,79.80000305175781,104.56999969482422
2024-05-21,2421.699951171875,79.26000213623047,104.66000366210938
2024-05-22,2389.199951171875,77.56999969482422,104.94000244140625
2024-05-23,2335.0,76.87000274658203,105.11000061035156
2024-05-24,2332.5,77.72000122070312,104.72000122070312
2024-05-28,2355.199951171875,79.83000183105469,104.61000061035156
2024-05-29,2340.300048828125,79.2300033569336,105.0999984741211
2024-05-30,2342.89990234375,77.91000366210938,104.72000122070312
2024-05-31,2322.89990234375,76.98999786376953,104.66999816894531
2024-06-03,2346.60009765625,74.22000122070312,104.13999938964844
2024-06-04,2325.5,73.25,104.11000061035156
2024-06-05,2354.10009765625,74.06999969482422,104.2699966430664
2024-06-06,2370.300048828125,75.55000305175781,104.0999984741211
2024-06-07,2305.199951171875,75.52999877929688,104.88999938964844
2024-06-10,2307.699951171875,77.73999786376953,105.1500015258789
2024-06-11,2307.5,77.9000015258789,105.2300033569336
2024-06-12,2336.0,78.5,104.6500015258789
2024-06-13,2300.199951171875,78.62000274658203,105.19999694824219
2024-06-14,2331.39990234375,78.44999694824219,105.55000305175781
2024-06-17,2312.39990234375,80.33000183105469,105.31999969482422
2024-06-18,2330.39990234375,81.56999969482422,105.26000213623047
2024-06-20,2353.800048828125,82.16999816894531,105.58999633789062
2024-06-21,2316.39990234375,80.7300033569336,105.80000305175781
2024-06-24,2330.0,81.62999725341797,105.47000122070312
2024-06-25,2316.60009765625,80.83000183105469,105.61000061035156
2024-06-26,2299.199951171875,80.9000015258789,106.05000305175781
2024-06-27,2324.5,81.73999786376953,105.91000366210938
2024-06-28,2327.699951171875,81.54000091552734,105.87000274658203
2024-07-01,2327.60009765625,83.37999725341797,105.9000015258789
2024-07-02,2323.0,82.80999755859375,105.72000122070312
2024-07-03,2359.800048828125,83.87999725341797,105.4000015258789
2024-07-05,2388.5,83.16000366210938,104.87999725341797
2024-07-08,2355.199951171875,82.33000183105469,105.01000213623047
2024-07-09,2360.10009765625,81.41000366210938,105.12000274658203
2024-07-10,2372.199951171875,82.0999984741211,105.05000305175781
2024-07-11,2415.0,82.62000274658203,104.44000244140625
2024-07-12,2414.0,82.20999908447266,104.08999633789062
2024-07-15,2422.89990234375,81.91000366210938,104.19000244140625
2024-07-16,2462.39990234375,80.76000213623047,104.2699966430664
2024-07-17,2454.800048828125,82.8499984741211,103.75
2024-07-18,2451.800048828125,82.81999969482422,104.16999816894531
2024-07-19,2395.5,80.12999725341797,104.4000015258789
2024-07-22,2392.0,79.77999877929688,104.30999755859375
2024-07-23,2404.60009765625,76.95999908447266,104.44999694824219
2024-07-24,2413.300048828125,77.58999633789062,104.38999938964844
2024-07-25,2351.89990234375,78.27999877929688,104.36000061035156
2024-07-26,2380.0,77.16000366210938,104.31999969482422
2024-07-29,2377.300048828125,75.80999755859375,104.55999755859375
2024-07-30,2405.0,74.7300033569336,104.55000305175781
2024-07-31,2426.5,77.91000366210938,104.0999984741211
2024-08-01,2435.0,76.30999755859375,104.41999816894531
2024-08-02,2425.699951171875,73.5199966430664,103.20999908447266
2024-08-05,2401.699951171875,72.94000244140625,102.69000244140625
2024-08-06,2389.10009765625,73.19999694824219,102.97000122070312
2024-08-07,2390.5,75.2300033569336,103.19999694824219
2024-08-08,2422.199951171875,76.19000244140625,103.20999908447266
2024-08-09,2432.10009765625,76.83999633789062,103.13999938964844
2024-08-12,2462.39990234375,80.05999755859375,103.13999938964844
2024-08-13,2466.699951171875,78.3499984741211,102.55999755859375
2024-08-14,2439.39990234375,76.9800033569336,102.56999969482422
2024-08-15,2453.10009765625,78.16000366210938,102.9800033569336
2024-08-16,2498.60009765625,76.6500015258789,102.45999908447266
2024-08-19,2501.800048828125,74.37000274658203,101.88999938964844
2024-08-20,2511.300048828125,74.04000091552734,101.44000244140625
2024-08-21,2508.39990234375,71.93000030517578,101.04000091552734
2024-08-22,2478.89990234375,73.01000213623047,101.51000213623047
2024-08-23,2508.39990234375,74.83000183105469,100.72000122070312
2024-08-26,2517.699951171875,77.41999816894531,100.8499984741211
2024-08-27,2516.0,75.52999877929688,100.55000305175781
2024-08-28,2501.0,74.5199966430664,101.08999633789062
2024-08-29,2525.699951171875,75.91000366210938,101.33999633789062
2024-08-30,2493.800048828125,73.55000305175781,101.69999694824219
2024-09-03,2489.89990234375,70.33999633789062,101.83000183105469
2024-09-04,2493.39990234375,69.19999694824219,101.36000061035156
2024-09-05,2511.39990234375,69.1500015258789,101.11000061035156
2024-09-06,2493.5,67.66999816894531,101.18000030517578
2024-09-09,2501.800048828125,68.70999908447266,101.55000305175781
2024-09-10,2512.300048828125,65.75,101.62999725341797
2024-09-11,2512.10009765625,67.30999755859375,101.68000030517578
2024-09-12,2551.199951171875,68.97000122070312,101.37000274658203
2024-09-13,2581.300048828125,68.6500015258789,101.11000061035156
2024-09-16,2580.39990234375,70.08999633789062,100.76000213623047
2024-09-17,2564.300048828125,71.19000244140625,100.88999938964844
2024-09-18,2570.699951171875,70.91000366210938,100.5999984741211
2024-09-19,2588.0,71.94999694824219,100.61000061035156
2024-09-20,2619.89990234375,71.91999816894531,100.72000122070312
2024-09-23,2626.5,70.37000274658203,100.91999816894531
2024-09-24,2651.199951171875,71.55999755859375,100.37000274658203
2024-09-25,2659.199951171875,69.69000244140625,100.91999816894531
2024-09-26,2669.89990234375,67.66999816894531,100.55999755859375
2024-09-27,2644.300048828125,68.18000030517578,100.41999816894531
2024-09-30,2636.10009765625,68.16999816894531,100.77999877929688
2024-10-01,2667.300048828125,69.83000183105469,101.19000244140625
2024-10-02,2647.10009765625,70.0999984741211,101.68000030517578
2024-10-03,2657.10009765625,73.70999908447266,101.98999786376953
2024-10-04,2645.800048828125,74.37999725341797,102.5199966430664
2024-10-07,2644.800048828125,77.13999938964844,102.54000091552734
2024-10-08,2615.0,73.56999969482422,102.55000305175781
2024-10-09,2606.0,73.23999786376953,102.93000030517578
2024-10-10,2620.60009765625,75.8499984741211,102.98999786376953
2024-10-11,2657.60009765625,75.55999755859375,102.88999938964844
2024-10-14,2647.800048828125,73.83000183105469,103.30000305175781
2024-10-15,2661.39990234375,70.58000183105469,103.26000213623047
2024-10-16,2674.0,70.38999938964844,103.58999633789062
2024-10-17,2691.0,70.66999816894531,103.83000183105469
2024-10-18,2713.699951171875,69.22000122070312,103.48999786376953
2024-10-21,2723.10009765625,70.55999755859375,104.01000213623047
2024-10-22,2744.199951171875,72.08999633789062,104.08000183105469
2024-10-23,2714.39990234375,70.7699966430664,104.43000030517578
2024-10-24,2734.89990234375,70.19000244140625,104.05999755859375
2024-10-25,2740.89990234375,71.77999877929688,104.26000213623047
2024-10-28,2742.89990234375,67.37999725341797,104.31999969482422
2024-10-29,2768.39990234375,67.20999908447266,104.27999877929688
2024-10-30,2788.5,68.61000061035156,103.98999786376953
2024-10-31,2738.300048828125,69.26000213623047,103.9800033569336
2024-11-01,2738.60009765625,69.48999786376953,104.27999877929688
2024-11-04,2736.10009765625,71.47000122070312,103.88999938964844
2024-11-05,2740.300048828125,71.98999786376953,103.41999816894531
2024-11-06,2667.60009765625,71.69000244140625,105.08999633789062
2024-11-07,2698.39990234375,72.36000061035156,104.51000213623047
2024-11-08,2687.5,70.37999725341797,105.0
2024-11-11,2611.199951171875,68.04000091552734,105.54000091552734
2024-11-12,2600.0,68.12000274658203,106.0199966430664
2024-11-13,2580.800048828125,68.43000030517578,106.4800033569336
2024-11-14,2568.199951171875,68.69999694824219,106.66999816894531
2024-11-15,2565.699951171875,67.0199966430664,106.69000244140625
2024-11-18,2610.60009765625,69.16000366210938,106.27999877929688
2024-11-19,2627.10009765625,69.38999938964844,106.20999908447266
2024-11-20,2648.199951171875,68.87000274658203,106.68000030517578
2024-11-21,2672.10009765625,70.0999984741211,106.97000122070312
2024-11-22,2709.89990234375,71.23999786376953,107.48999786376953
2024-11-25,2616.800048828125,68.94000244140625,106.81999969482422
2024-11-26,2620.300048828125,68.7699966430664,107.01000213623047
2024-11-27,2639.89990234375,68.72000122070312,106.08000183105469
2024-11-29,2657.0,68.0,105.73999786376953
2024-12-02,2634.89990234375,68.0999984741211,106.44999694824219
2024-12-03,2644.699951171875,69.94000244140625,106.37000274658203
2024-12-04,2653.800048828125,68.54000091552734,106.33999633789062
2024-12-05,2626.60009765625,68.30000305175781,105.70999908447266
2024-12-06,2638.60009765625,67.19999694824219,105.97000122070312
2024-12-09,2664.89990234375,68.37000274658203,106.1500015258789
2024-12-10,2697.60009765625,68.58999633789062,106.4000015258789
2024-12-11,2733.800048828125,70.29000091552734,106.70999908447266
2024-12-12,2687.5,70.0199966430664,106.95999908447266
2024-12-13,2656.0,71.29000091552734,107.0
2024-12-16,2651.39990234375,70.70999908447266,106.86000061035156
2024-12-17,2644.39990234375,70.08000183105469,106.95999908447266
2024-12-18,2636.5,70.58000183105469,108.02999877929688
2024-12-19,2592.199951171875,69.91000366210938,108.41000366210938
2024-12-20,2628.699951171875,69.45999908447266,107.62000274658203
2024-12-23,2612.300048828125,69.23999786376953,108.04000091552734
2024-12-24,2620.0,70.0999984741211,108.26000213623047
2024-12-26,2638.800048828125,69.62000274658203,108.12999725341797
2024-12-27,2617.199951171875,70.5999984741211,108.0
2024-12-30,2606.10009765625,70.98999786376953,108.12999725341797
2024-12-31,2629.199951171875,71.72000122070312,108.48999786376953
2025-01-02,2658.89990234375,73.12999725341797,109.38999938964844
2025-01-03,2645.0,73.95999908447266,108.94999694824219
2025-01-06,2638.39990234375,73.55999755859375,108.26000213623047
2025-01-07,2656.699951171875,74.25,108.54000091552734
2025-01-08,2664.5,73.31999969482422,109.08999633789062
2025-01-09,2683.800048828125,73.91999816894531,109.18000030517578
2025-01-10,2708.5,76.56999969482422,109.6500015258789
2025-01-13,2673.5,78.81999969482422,109.95999908447266
2025-01-14,2677.5,77.5,109.2699966430664
2025-01-15,2712.5,80.04000091552734,109.08999633789062
2025-01-16,2746.39990234375,78.68000030517578,108.95999908447266
2025-01-17,2744.300048828125,77.87999725341797,109.3499984741211
2025-01-21,2755.0,75.88999938964844,108.05999755859375
2025-01-22,2767.60009765625,75.44000244140625,108.16999816894531
2025-01-23,2763.10009765625,74.62000274658203,108.05000305175781
2025-01-24,2777.300048828125,74.66000366210938,107.44000244140625
2025-01-27,2737.5,73.16999816894531,107.33999633789062
2025-01-28,2766.800048828125,73.7699966430664,107.87000274658203
2025-01-29,2769.10009765625,72.62000274658203,108.0
2025-01-30,2823.0,72.7300033569336,107.80000305175781
2025-01-31,2812.5,72.52999877929688,108.37000274658203
2025-02-03,2833.89990234375,73.16000366210938,108.98999786376953
2025-02-04,2853.300048828125,72.69999694824219,107.95999908447266
2025-02-05,2871.60009765625,71.02999877929688,107.58000183105469
2025-02-06,2856.0,70.61000061035156,107.69000244140625
2025-02-07,2867.300048828125,71.0,108.04000091552734
2025-02-10,2914.300048828125,72.31999969482422,108.31999969482422
2025-02-11,2912.5,73.31999969482422,107.95999908447266
2025-02-12,2909.0,71.37000274658203,107.94000244140625
2025-02-13,2925.89990234375,71.29000091552734,107.30999755859375
2025-02-14,2883.60009765625,70.73999786376953,106.56999969482422
2025-02-18,2931.60009765625,71.8499984741211,107.05000305175781
2025-02-19,2919.39990234375,72.25,107.16999816894531
2025-02-20,2940.0,72.56999969482422,106.33999633789062
2025-02-21,2937.60009765625,70.4000015258789,106.61000061035156
2025-02-24,2947.89990234375,70.69999694824219,106.5999984741211
2025-02-25,2904.5,68.93000030517578,106.30999755859375
2025-02-26,2916.800048828125,68.62000274658203,106.41999816894531
2025-02-27,2883.199951171875,70.3499984741211,107.23999786376953
2025-02-28,2836.800048828125,69.76000213623047,107.61000061035156
2025-03-03,2890.199951171875,68.37000274658203,106.75
2025-03-04,2909.60009765625,68.26000213623047,105.73999786376953
2025-03-05,2915.300048828125,66.30999755859375,105.73999786376953
2025-03-06,2916.60009765625,66.36000061035156,104.05999755859375
2025-03-07,2904.699951171875,67.04000091552734,103.83999633789062
2025-03-10,2891.0,66.02999877929688,103.91000366210938
2025-03-11,2912.89990234375,66.25,103.44000244140625
2025-03-12,2939.10009765625,67.68000030517578,103.61000061035156
2025-03-13,2984.300048828125,66.55000305175781,103.83000183105469
2025-03-14,2994.5,67.18000030517578,103.72000122070312
2025-03-17,3000.0,67.58000183105469,103.37000274658203
2025-03-18,3035.10009765625,66.9000015258789,103.23999786376953
2025-03-19,3035.89990234375,67.16000366210938,103.43000030517578
2025-03-20,3040.0,68.26000213623047,103.8499984741211
2025-03-21,3018.199951171875,68.27999877929688,104.08999633789062
2025-03-24,3013.10009765625,69.11000061035156,104.26000213623047
2025-03-25,3023.699951171875,69.0,104.18000030517578
2025-03-26,3020.89990234375,69.6500015258789,104.55000305175781
2025-03-27,3060.199951171875,69.91999816894531,104.06999969482422
2025-03-28,3086.5,69.36000061035156,104.04000091552734
2025-03-31,3122.800048828125,71.4800033569336,104.20999908447266
2025-04-01,3118.89990234375,71.19999694824219,104.26000213623047
2025-04-02,3139.89990234375,71.70999908447266,103.80999755859375
2025-04-03,3097.0,66.94999694824219,102.06999969482422
2025-04-04,3012.0,61.9900016784668,103.0199966430664
2025-04-07,2951.300048828125,60.70000076293945,103.26000213623047
2025-04-08,2968.39990234375,59.58000183105469,102.95999908447266
2025-04-09,3056.5,62.349998474121094,102.9000015258789
2025-04-10,3155.199951171875,60.06999969482422,100.87000274658203
2025-04-11,3222.199951171875,61.5,99.77999877929688
2025-04-14,3204.800048828125,61.529998779296875,99.63999938964844
2025-04-15,3218.699951171875,61.33000183105469,100.22000122070312
2025-04-16,3326.60009765625,62.470001220703125,99.37999725341797
2025-04-17,3308.699951171875,64.68000030517578,99.37999725341797
2025-04-21,3406.199951171875,63.08000183105469,98.27999877929688
2025-04-22,3400.800048828125,64.30999755859375,98.91999816894531
2025-04-23,3276.300048828125,62.27000045776367,99.83999633789062
2025-04-24,3332.0,62.790000915527344,99.29000091552734
2025-04-25,3282.39990234375,63.02000045776367,99.47000122070312
2025-04-28,3332.5,62.04999923706055,99.01000213623047
2025-04-29,3318.800048828125,60.41999816894531,99.23999786376953
2025-04-30,3305.0,58.209999084472656,99.47000122070312
2025-05-01,3210.0,59.2400016784668,100.25
2025-05-02,3231.89990234375,58.290000915527344,100.0
2025-05-05,3311.300048828125,57.130001068115234,99.83000183105469
2025-05-06,3411.39990234375,59.09000015258789,99.23999786376953
2025-05-07,3381.39990234375,58.06999969482422,99.61000061035156
2025-05-08,3296.60009765625,59.90999984741211,100.63999938964844
2025-05-09,3335.39990234375,61.02000045776367,100.33999633789062
2025-05-12,3220.0,61.95000076293945,101.79000091552734
2025-05-13,3240.300048828125,63.66999816894531,101.0
2025-05-14,3181.39990234375,63.150001525878906,101.04000091552734
2025-05-15,3220.699951171875,61.619998931884766,100.87999725341797
2025-05-16,3182.0,62.4900016784668,101.08999633789062
2025-05-19,3228.89990234375,62.689998626708984,100.43000030517578
2025-05-20,3280.300048828125,62.560001373291016,100.12000274658203
2025-05-21,3309.300048828125,61.56999969482422,99.55999755859375
2025-05-22,3292.300048828125,61.20000076293945,99.95999908447266
2025-05-23,3363.60009765625,61.529998779296875,99.11000061035156
2025-05-27,3299.10009765625,60.88999938964844,99.5199966430664
2025-05-28,3293.60009765625,61.84000015258789,99.87999725341797
2025-05-29,3317.10009765625,60.939998626708984,99.27999877929688
2025-05-30,3288.89990234375,60.790000915527344,99.33000183105469
2025-06-02,3370.60009765625,62.52000045776367,98.69999694824219
2025-06-03,3350.199951171875,63.40999984741211,99.25
2025-06-04,3373.5,62.849998474121094,98.79000091552734
2025-06-05,3350.699951171875,63.369998931884766,98.73999786376953
2025-06-06,3322.699951171875,64.58000183105469,99.19000244140625
2025-06-09,3332.10009765625,65.29000091552734,98.94000244140625
2025-06-10,3320.89990234375,64.9800033569336,99.05000305175781
2025-06-11,3321.300048828125,68.1500015258789,98.62999725341797
2025-06-12,3380.89990234375,68.04000091552734,97.91999816894531
2025-06-13,3431.199951171875,72.9800033569336,98.18000030517578
2025-06-16,3396.39990234375,71.7699966430664,98.0
2025-06-17,3386.60009765625,74.83999633789062,98.81999969482422
2025-06-18,3389.800048828125,75.13999938964844,98.91000366210938
2025-06-20,3368.10009765625,74.93000030517578,98.70999908447266
2025-06-23,3377.699951171875,68.51000213623047,98.41999816894531
2025-06-24,3317.39990234375,64.37000274658203,97.86000061035156
2025-06-25,3327.10009765625,64.91999816894531,97.68000030517578
2025-06-26,3333.5,65.23999786376953,97.1500015258789
2025-06-27,3273.699951171875,65.5199966430664,97.4000015258789
2025-06-30,3294.39990234375,65.11000061035156,96.87999725341797
2025-07-01,3336.699951171875,65.44999694824219,96.81999969482422
2025-07-02,3348.0,67.44999694824219,96.77999877929688
2025-07-03,3331.60009765625,67.0,97.18000030517578
2025-07-07,3332.199951171875,67.93000030517578,97.4800033569336
2025-07-08,3307.0,68.33000183105469,97.51000213623047
2025-07-09,3311.60009765625,68.37999725341797,97.47000122070312
2025-07-10,3317.39990234375,66.56999969482422,97.6500015258789
2025-07-11,3356.0,68.44999694824219,97.8499984741211
2025-07-14,3351.5,66.9800033569336,98.08000183105469
2025-07-15,3329.800048828125,66.5199966430664,98.62000274658203
2025-07-16,3352.5,66.37999725341797,98.38999938964844
2025-07-17,3340.10009765625,67.54000091552734,98.7300033569336
2025-07-18,3353.0,67.33999633789062,98.4800033569336
2025-07-21,3401.89990234375,67.19999694824219,97.8499984741211
2025-07-22,3439.199951171875,66.20999908447266,97.38999938964844
2025-07-23,3394.10009765625,65.25,97.20999908447266
2025-07-24,3371.0,66.02999877929688,97.37999725341797
2025-07-25,3334.0,65.16000366210938,97.6500015258789
2025-07-28,3309.10009765625,66.70999908447266,98.66000366210938
2025-07-29,3323.39990234375,69.20999908447266,98.91000366210938
2025-07-30,3295.800048828125,70.0,99.94000244140625
2025-07-31,3293.199951171875,69.26000213623047,100.02999877929688
2025-08-01,3347.699951171875,67.33000183105469,98.69000244140625
2025-08-04,3374.39990234375,66.29000091552734,98.77999877929688
2025-08-05,3381.89990234375,65.16000366210938,98.77999877929688
2025-08-06,3380.0,64.3499984741211,98.18000030517578
2025-08-07,3400.300048828125,63.880001068115234,98.4000015258789
2025-08-08,3439.10009765625,63.880001068115234,98.18000030517578
2025-08-11,3353.10009765625,63.959999084472656,98.5199966430664
2025-08-12,3348.89990234375,63.16999816894531,98.0999984741211
2025-08-13,3358.699951171875,62.650001525878906,97.83999633789062
2025-08-14,3335.199951171875,63.959999084472656,98.25
2025-08-15,3336.0,62.79999923706055,97.8499984741211
2025-08-18,3331.699951171875,63.41999816894531,98.16999816894531
2025-08-19,3313.39990234375,62.349998474121094,98.2699966430664
2025-08-20,3343.39990234375,63.209999084472656,98.22000122070312
2025-08-21,3336.89990234375,63.52000045776367,98.62000274658203
2025-08-22,3374.39990234375,63.65999984741211,97.72000122070312
2025-08-25,3373.800048828125,64.80000305175781,98.43000030517578
2025-08-26,3388.60009765625,63.25,98.2300033569336
2025-08-27,3404.60009765625,64.1500015258789,98.2300033569336
2025-08-28,3431.800048828125,64.5999984741211,97.80999755859375
2025-08-29,3473.699951171875,64.01000213623047,97.7699966430664
2025-09-02,3549.39990234375,65.58999633789062,98.4000015258789
2025-09-03,3593.199951171875,63.970001220703125,98.13999938964844
2025-09-04,3565.800048828125,63.47999954223633,98.3499984741211
2025-09-05,3613.199951171875,61.869998931884766,97.7699966430664
2025-09-08,3638.10009765625,62.2599983215332,97.44999694824219
2025-09-09,3643.300048828125,62.630001068115234,97.79000091552734
2025-09-10,3643.60009765625,63.66999816894531,97.77999877929688
2025-09-11,3636.89990234375,62.369998931884766,97.54000091552734
2025-09-12,3649.39990234375,62.689998626708984,97.55000305175781
2025-09-15,3682.199951171875,63.29999923706055,97.30000305175781
2025-09-16,3688.89990234375,64.5199966430664,96.62999725341797
2025-09-17,3681.800048828125,64.05000305175781,96.87000274658203
2025-09-18,3643.699951171875,63.56999969482422,97.3499984741211
2025-09-19,3671.5,62.68000030517578,97.63999938964844
2025-09-22,3740.699951171875,62.63999938964844,97.33000183105469
2025-09-23,3780.60009765625,63.40999984741211,97.26000213623047
2025-09-24,3732.10009765625,64.98999786376953,97.87000274658203
2025-09-25,3736.89990234375,64.9800033569336,98.55000305175781
2025-09-26,3775.300048828125,65.72000122070312,98.1500015258789
2025-09-29,3820.89990234375,63.45000076293945,97.91000366210938
2025-09-30,3840.800048828125,62.369998931884766,97.7699966430664
2025-10-01,3867.5,61.779998779296875,97.70999908447266
2025-10-02,3839.699951171875,60.47999954223633,97.8499984741211
2025-10-03,3880.800048828125,60.880001068115234,97.72000122070312
2025-10-06,3948.5,61.689998626708984,98.11000061035156
2025-10-07,3976.60009765625,61.72999954223633,98.58000183105469
2025-10-08,4043.300048828125,62.54999923706055,98.8499984741211
2025-10-09,3946.300048828125,61.5099983215332,99.54000091552734
2025-10-10,3975.89990234375,58.900001525878906,98.9800033569336
2025-10-13,4108.60009765625,59.4900016784668,99.2699966430664
2025-10-14,4138.7001953125,58.70000076293945,99.05000305175781
2025-10-15,4176.89990234375,58.27000045776367,98.79000091552734
2025-10-16,4280.2001953125,57.459999084472656,98.38999938964844
2025-10-17,4189.89990234375,57.540000915527344,98.43000030517578
2025-10-20,4336.39990234375,57.52000045776367,98.58999633789062
2025-10-21,4087.699951171875,57.81999969482422,98.93000030517578
2025-10-22,4044.39990234375,58.5,98.9000015258789
2025-10-23,4125.5,61.790000915527344,98.94000244140625
2025-10-24,4118.39990234375,61.5,98.94999694824219
2025-10-27,4001.89990234375,61.310001373291016,98.77999877929688
2025-10-28,3966.199951171875,60.150001525878906,98.69000244140625
2025-10-29,3983.699951171875,60.47999954223633,99.22000122070312
2025-10-30,4001.300048828125,60.56999969482422,99.52999877929688
2025-10-31,3982.199951171875,60.97999954223633,99.80000305175781
2025-11-03,4000.300048828125,61.04999923706055,99.87000274658203
2025-11-04,3947.699951171875,60.560001373291016,100.22000122070312
2025-11-05,3980.300048828125,59.599998474121094,100.19999694824219
2025-11-06,3979.89990234375,59.43000030517578,99.7300033569336
2025-11-07,3999.39990234375,59.75,99.5999984741211
2025-11-10,4111.7998046875,60.130001068115234,99.62000274658203
2025-11-11,4106.7998046875,61.040000915527344,99.45999908447266
2025-11-12,4204.39990234375,58.4900016784668,99.4800033569336
2025-11-13,4186.89990234375,58.689998626708984,99.18000030517578
2025-11-14,4087.60009765625,60.09000015258789,99.2699966430664
2025-11-17,4068.300048828125,59.90999984741211,99.58999633789062
2025-11-18,4061.300048828125,60.7400016784668,99.55000305175781
2025-11-19,4077.699951171875,59.439998626708984,100.2300033569336
2025-11-20,4056.5,59.13999938964844,100.16000366210938
2025-11-21,4076.699951171875,58.060001373291016,100.18000030517578
2025-11-24,4091.89990234375,58.84000015258789,100.13999938964844
2025-11-25,4139.2001953125,57.95000076293945,99.66000366210938
2025-11-26,4165.2001953125,58.650001525878906,99.5999984741211
2025-11-28,4218.2998046875,58.54999923706055,99.45999908447266
2025-12-01,4239.2998046875,59.31999969482422,99.41000366210938
2025-12-02,4186.60009765625,58.63999938964844,99.36000061035156
2025-12-03,4199.2998046875,58.95000076293945,98.8499984741211
2025-12-04,4211.7998046875,59.66999816894531,98.98999786376953
2025-12-05,4212.89990234375,60.08000183105469,98.98999786376953
2025-12-08,4187.2001953125,58.880001068115234,99.08999633789062
2025-12-09,4206.7001953125,58.25,99.22000122070312
2025-12-10,4196.39990234375,58.459999084472656,98.79000091552734
2025-12-11,4285.5,57.599998474121094,98.3499984741211
2025-12-12,4300.10009765625,57.439998626708984,98.4000015258789
2025-12-15,4306.7001953125,56.81999969482422,98.1500015258789
2025-12-16,4304.5,55.27000045776367,98.1500015258789
2025-12-17,4347.5,55.939998626708984,98.37000274658203
2025-12-18,4339.5,56.150001525878906,98.43000030517578
2025-12-19,4361.39990234375,56.65999984741211,98.5999984741211
2025-12-22,4444.60009765625,58.0099983215332,98.29000091552734
2025-12-23,4482.7998046875,58.380001068115234,97.94000244140625
2025-12-24,4480.60009765625,58.349998474121094,97.9800033569336
2025-12-26,4529.10009765625,56.7400016784668,98.0199966430664
2025-12-29,4325.10009765625,58.08000183105469,98.04000091552734
2025-12-30,4370.10009765625,57.95000076293945,98.23999786376953
